sku,name,unit,category,updated_at
LK-P0001,Catalogue Item 0001,kg,Fresh Food,2026-02-14
LK-P0002,Catalogue Item 0002,l,Cleaning,2026-07-01
LK-P0003,Catalogue Item 0003,each,Dairy & Eggs,2026-07-01
LK-P0004,Catalogue Item 0004,g,Drinks,2026-07-01
LK-P0005,Catalogue Item 0005,each,Personal Care,2026-07-01
LK-P0006,Catalogue Item 0006,kg,Fresh Food,2026-07-01
LK-P0007,Catalogue Item 0007,l,Cleaning,2026-07-01
LK-P0008,Catalogue Item 0008,each,Dairy & Eggs,2026-07-01
LK-P0009,Catalogue Item 0009,g,Drinks,2026-07-01
LK-P0010,Catalogue Item 0010,each,Personal Care,2026-07-01
LK-P0011,Catalogue Item 0011,kg,Fresh Food,2026-02-14
LK-P0012,Catalogue Item 0012,l,Cleaning,2026-07-01
LK-P0013,Catalogue Item 0013,each,Dairy & Eggs,2026-07-01
LK-P0014,Catalogue Item 0014,g,Drinks,2026-07-01
LK-P0015,Catalogue Item 0015,each,Personal Care,2026-07-01
LK-P0016,Catalogue Item 0016,kg,Fresh Food,2026-07-01
LK-P0017,Catalogue Item 0017,l,Cleaning,2026-07-01
LK-P0018,Catalogue Item 0018,each,Dairy & Eggs,2026-07-01
LK-P0019,Catalogue Item 0019,g,Drinks,2026-07-01
LK-P0020,Catalogue Item 0020,each,Personal Care,2026-07-01
LK-P0021,Catalogue Item 0021,kg,Fresh Food,2026-02-14
LK-P0022,Catalogue Item 0022,l,Cleaning,2026-07-01
LK-P0023,Catalogue Item 0023,each,Dairy & Eggs,2026-07-01
LK-P0024,Catalogue Item 0024,g,Drinks,2026-07-01
LK-P0025,Catalogue Item 0025,each,Personal Care,2026-07-01
LK-P0026,Catalogue Item 0026,kg,Fresh Food,2026-07-01
LK-P0027,Catalogue Item 0027,l,Cleaning,2026-07-01
LK-P0028,Catalogue Item 0028,each,Dairy & Eggs,2026-07-01
LK-P0029,Catalogue Item 0029,g,Drinks,2026-07-01
LK-P0030,Catalogue Item 0030,each,Personal Care,2026-07-01
LK-P0031,Catalogue Item 0031,kg,Fresh Food,2026-02-14
LK-P0032,Catalogue Item 0032,l,Cleaning,2026-07-01
LK-P0033,Catalogue Item 0033,each,Dairy & Eggs,2026-07-01
LK-P0034,Catalogue Item 0034,g,Drinks,2026-07-01
LK-P0035,Catalogue Item 0035,each,Personal Care,2026-07-01
LK-P0036,Catalogue Item 0036,kg,Fresh Food,2026-07-01
LK-P0037,Catalogue Item 0037,l,Cleaning,2026-07-01
LK-P0038,Catalogue Item 0038,each,Dairy & Eggs,2026-07-01
LK-P0039,Catalogue Item 0039,g,Drinks,2026-07-01
LK-P0040,Catalogue Item 0040,each,Personal Care,2026-07-01
LK-P0041,Catalogue Item 0041,kg,Fresh Food,2026-02-14
LK-P0042,Catalogue Item 0042,l,Cleaning,2026-07-01
LK-P0043,Catalogue Item 0043,each,Dairy & Eggs,2026-07-01
LK-P0044,Catalogue Item 0044,g,Drinks,2026-07-01
LK-P0045,Catalogue Item 0045,each,Personal Care,2026-07-01
LK-P0046,Catalogue Item 0046,kg,Fresh Food,2026-07-01
LK-P0047,Catalogue Item 0047,l,Cleaning,2026-07-01
LK-P0048,Catalogue Item 0048,each,Dairy & Eggs,2026-07-01
LK-P0049,Catalogue Item 0049,g,Drinks,2026-07-01
LK-P0050,Catalogue Item 0050,each,Personal Care,2026-07-01
LK-P0051,Catalogue Item 0051,kg,Fresh Food,2026-02-14
LK-P0052,Catalogue Item 0052,l,Cleaning,2026-07-01
LK-P0053,Catalogue Item 0053,each,Dairy & Eggs,2026-07-01
LK-P0054,Catalogue Item 0054,g,Drinks,2026-07-01
LK-P0055,Catalogue Item 0055,each,Personal Care,2026-07-01
LK-P0056,Catalogue Item 0056,kg,Fresh Food,2026-07-01
LK-P0057,Catalogue Item 0057,l,Cleaning,2026-07-01
LK-P0058,Catalogue Item 0058,each,Dairy & Eggs,2026-07-01
LK-P0059,Catalogue Item 0059,g,Drinks,2026-07-01
LK-P0060,Catalogue Item 0060,each,Personal Care,2026-07-01
LK-P0061,Catalogue Item 0061,kg,Fresh Food,2026-02-14
LK-P0062,Catalogue Item 0062,l,Cleaning,2026-07-01
LK-P0063,Catalogue Item 0063,each,Dairy & Eggs,2026-07-01
LK-P0064,Catalogue Item 0064,g,Drinks,2026-07-01
LK-P0065,Catalogue Item 0065,each,Personal Care,2026-07-01
LK-P0066,Catalogue Item 0066,kg,Fresh Food,2026-07-01
LK-P0067,Catalogue Item 0067,l,Cleaning,2026-07-01
LK-P0068,Catalogue Item 0068,each,Dairy & Eggs,2026-07-01
LK-P0069,Catalogue Item 0069,g,Drinks,2026-07-01
LK-P0070,Catalogue Item 0070,each,Personal Care,2026-07-01
LK-P0071,Catalogue Item 0071,kg,Fresh Food,2026-02-14
LK-P0072,Catalogue Item 0072,l,Cleaning,2026-07-01
LK-P0073,Catalogue Item 0073,each,Dairy & Eggs,2026-07-01
LK-P0074,Catalogue Item 0074,g,Drinks,2026-07-01
LK-P0075,Catalogue Item 0075,each,Personal Care,2026-07-01
LK-P0076,Catalogue Item 0076,kg,Fresh Food,2026-07-01
LK-P0077,Catalogue Item 0077,l,Cleaning,2026-07-01
LK-P0078,Catalogue Item 0078,each,Dairy & Eggs,2026-07-01
LK-P0079,Catalogue Item 0079,g,Drinks,2026-07-01
LK-P0080,Catalogue Item 0080,each,Personal Care,2026-07-01
LK-P0081,Catalogue Item 0081,kg,Fresh Food,2026-02-14
LK-P0082,Catalogue Item 0082,l,Cleaning,2026-07-01
LK-P0083,Catalogue Item 0083,each,Dairy & Eggs,2026-07-01
LK-P0084,Catalogue Item 0084,g,Drinks,2026-07-01
LK-P0085,Catalogue Item 0085,each,Personal Care,2026-07-01
LK-P0086,Catalogue Item 0086,kg,Fresh Food,2026-07-01
LK-P0087,Catalogue Item 0087,l,Cleaning,2026-07-01
LK-P0088,Catalogue Item 0088,each,Dairy & Eggs,2026-07-01
LK-P0089,Catalogue Item 0089,g,Drinks,2026-07-01
LK-P0090,Catalogue Item 0090,each,Personal Care,2026-07-01
LK-P0091,Catalogue Item 0091,kg,Fresh Food,2026-02-14
LK-P0092,Catalogue Item 0092,l,Cleaning,2026-07-01
LK-P0093,Catalogue Item 0093,each,Dairy & Eggs,2026-07-01
LK-P0094,Catalogue Item 0094,g,Drinks,2026-07-01
LK-P0095,Catalogue Item 0095,each,Personal Care,2026-07-01
LK-P0096,Catalogue Item 0096,kg,Fresh Food,2026-07-01
LK-P0097,Catalogue Item 0097,l,Cleaning,2026-07-01
LK-P0098,Catalogue Item 0098,each,Dairy & Eggs,2026-07-01
LK-P0099,Catalogue Item 0099,g,Drinks,2026-07-01
LK-P0100,Catalogue Item 0100,each,Personal Care,2026-07-01
LK-P0101,Catalogue Item 0101,kg,Fresh Food,2026-02-14
LK-P0102,Catalogue Item 0102,l,Cleaning,2026-07-01
LK-P0103,Catalogue Item 0103,each,Dairy & Eggs,2026-07-01
LK-P0104,Catalogue Item 0104,g,Drinks,2026-07-01
LK-P0105,Catalogue Item 0105,each,Personal Care,2026-07-01
LK-P0106,Catalogue Item 0106,kg,Fresh Food,2026-07-01
LK-P0107,Catalogue Item 0107,l,Cleaning,2026-07-01
LK-P0108,Catalogue Item 0108,each,Dairy & Eggs,2026-07-01
LK-P0109,Catalogue Item 0109,g,Drinks,2026-07-01
LK-P0110,Catalogue Item 0110,each,Personal Care,2026-07-01
LK-P0111,Catalogue Item 0111,kg,Fresh Food,2026-02-14
LK-P0112,Catalogue Item 0112,l,Cleaning,2026-07-01
LK-P0113,Catalogue Item 0113,each,Dairy & Eggs,2026-07-01
LK-P0114,Catalogue Item 0114,g,Drinks,2026-07-01
LK-P0115,Catalogue Item 0115,each,Personal Care,2026-07-01
LK-P0116,Catalogue Item 0116,kg,Fresh Food,2026-07-01
LK-P0117,Catalogue Item 0117,l,Cleaning,2026-07-01
LK-P0118,Catalogue Item 0118,each,Dairy & Eggs,2026-07-01
LK-P0119,Catalogue Item 0119,g,Drinks,2026-07-01
LK-P0120,Catalogue Item 0120,each,Personal Care,2026-07-01
LK-P0121,Catalogue Item 0121,kg,Fresh Food,2026-02-14
LK-P0122,Catalogue Item 0122,l,Cleaning,2026-07-01
LK-P0123,Catalogue Item 0123,each,Dairy & Eggs,2026-07-01
LK-P0124,Catalogue Item 0124,g,Drinks,2026-07-01
LK-P0125,Catalogue Item 0125,each,Personal Care,2026-07-01
LK-P0126,Catalogue Item 0126,kg,Fresh Food,2026-07-01
LK-P0127,Catalogue Item 0127,l,Cleaning,2026-07-01
LK-P0128,Catalogue Item 0128,each,Dairy & Eggs,2026-07-01
LK-P0129,Catalogue Item 0129,g,Drinks,2026-07-01
LK-P0130,Catalogue Item 0130,each,Personal Care,2026-07-01
LK-P0131,Catalogue Item 0131,kg,Fresh Food,2026-02-14
LK-P0132,Catalogue Item 0132,l,Cleaning,2026-07-01
LK-P0133,Catalogue Item 0133,each,Dairy & Eggs,2026-07-01
LK-P0134,Catalogue Item 0134,g,Drinks,2026-07-01
LK-P0135,Catalogue Item 0135,each,Personal Care,2026-07-01
LK-P0136,Catalogue Item 0136,kg,Fresh Food,2026-07-01
LK-P0137,Catalogue Item 0137,l,Cleaning,2026-07-01
LK-P0138,Catalogue Item 0138,each,Dairy & Eggs,2026-07-01
LK-P0139,Catalogue Item 0139,g,Drinks,2026-07-01
LK-P0140,Catalogue Item 0140,each,Personal Care,2026-07-01
LK-P0141,Catalogue Item 0141,kg,Fresh Food,2026-02-14
LK-P0142,Catalogue Item 0142,l,Cleaning,2026-07-01
LK-P0143,Catalogue Item 0143,each,Dairy & Eggs,2026-07-01
LK-P0144,Catalogue Item 0144,g,Drinks,2026-07-01
LK-P0145,Catalogue Item 0145,each,Personal Care,2026-07-01
LK-P0146,Catalogue Item 0146,kg,Fresh Food,2026-07-01
LK-P0147,Catalogue Item 0147,l,Cleaning,2026-07-01
LK-P0148,Catalogue Item 0148,each,Dairy & Eggs,2026-07-01
LK-P0149,Catalogue Item 0149,g,Drinks,2026-07-01
LK-P0150,Catalogue Item 0150,each,Personal Care,2026-07-01
LK-P0151,Catalogue Item 0151,kg,Fresh Food,2026-02-14
LK-P0152,Catalogue Item 0152,l,Cleaning,2026-07-01
LK-P0153,Catalogue Item 0153,each,Dairy & Eggs,2026-07-01
LK-P0154,Catalogue Item 0154,g,Drinks,2026-07-01
LK-P0155,Catalogue Item 0155,each,Personal Care,2026-07-01
LK-P0156,Catalogue Item 0156,kg,Fresh Food,2026-07-01
LK-P0157,Catalogue Item 0157,l,Cleaning,2026-07-01
LK-P0158,Catalogue Item 0158,each,Dairy & Eggs,2026-07-01
LK-P0159,Catalogue Item 0159,g,Drinks,2026-07-01
LK-P0160,Catalogue Item 0160,each,Personal Care,2026-07-01
LK-P0161,Catalogue Item 0161,kg,Fresh Food,2026-02-14
LK-P0162,Catalogue Item 0162,l,Cleaning,2026-07-01
LK-P0163,Catalogue Item 0163,each,Dairy & Eggs,2026-07-01
LK-P0164,Catalogue Item 0164,g,Drinks,2026-07-01
LK-P0165,Catalogue Item 0165,each,Personal Care,2026-07-01
LK-P0166,Catalogue Item 0166,kg,Fresh Food,2026-07-01
LK-P0167,Catalogue Item 0167,l,Cleaning,2026-07-01
LK-P0168,Catalogue Item 0168,each,Dairy & Eggs,2026-07-01
LK-P0169,Catalogue Item 0169,g,Drinks,2026-07-01
LK-P0170,Catalogue Item 0170,each,Personal Care,2026-07-01
LK-P0171,Catalogue Item 0171,kg,Fresh Food,2026-02-14
LK-P0172,Catalogue Item 0172,l,Cleaning,2026-07-01
LK-P0173,Catalogue Item 0173,each,Dairy & Eggs,2026-07-01
LK-P0174,Catalogue Item 0174,g,Drinks,2026-07-01
LK-P0175,Catalogue Item 0175,each,Personal Care,2026-07-01
LK-P0176,Catalogue Item 0176,kg,Fresh Food,2026-07-01
LK-P0177,Catalogue Item 0177,l,Cleaning,2026-07-01
LK-P0178,Catalogue Item 0178,each,Dairy & Eggs,2026-07-01
LK-P0179,Catalogue Item 0179,g,Drinks,2026-07-01
LK-P0180,Catalogue Item 0180,each,Personal Care,2026-07-01
LK-P0181,Catalogue Item 0181,kg,Fresh Food,2026-02-14
LK-P0182,Catalogue Item 0182,l,Cleaning,2026-07-01
LK-P0183,Catalogue Item 0183,each,Dairy & Eggs,2026-07-01
LK-P0184,Catalogue Item 0184,g,Drinks,2026-07-01
LK-P0185,Catalogue Item 0185,each,Personal Care,2026-07-01
LK-P0186,Catalogue Item 0186,kg,Fresh Food,2026-07-01
LK-P0187,Catalogue Item 0187,l,Cleaning,2026-07-01
LK-P0188,Catalogue Item 0188,each,Dairy & Eggs,2026-07-01
LK-P0189,Catalogue Item 0189,g,Drinks,2026-07-01
LK-P0190,Catalogue Item 0190,each,Personal Care,2026-07-01
LK-P0191,Catalogue Item 0191,kg,Fresh Food,2026-02-14
LK-P0192,Catalogue Item 0192,l,Cleaning,2026-07-01
LK-P0193,Catalogue Item 0193,each,Dairy & Eggs,2026-07-01
LK-P0194,Catalogue Item 0194,g,Drinks,2026-07-01
LK-P0195,Catalogue Item 0195,each,Personal Care,2026-07-01
LK-P0196,Catalogue Item 0196,kg,Fresh Food,2026-07-01
LK-P0197,Catalogue Item 0197,l,Cleaning,2026-07-01
LK-P0198,Catalogue Item 0198,each,Dairy & Eggs,2026-07-01
LK-P0199,Catalogue Item 0199,g,Drinks,2026-07-01
LK-P0200,Catalogue Item 0200,each,Personal Care,2026-07-01
LK-P0201,Catalogue Item 0201,kg,Fresh Food,2026-02-14
LK-P0202,Catalogue Item 0202,l,Cleaning,2026-07-01
LK-P0203,Catalogue Item 0203,each,Dairy & Eggs,2026-07-01
LK-P0204,Catalogue Item 0204,g,Drinks,2026-07-01
LK-P0205,Catalogue Item 0205,each,Personal Care,2026-07-01
LK-P0206,Catalogue Item 0206,kg,Fresh Food,2026-07-01
LK-P0207,Catalogue Item 0207,l,Cleaning,2026-07-01
LK-P0208,Catalogue Item 0208,each,Dairy & Eggs,2026-07-01
LK-P0209,Catalogue Item 0209,g,Drinks,2026-07-01
LK-P0210,Catalogue Item 0210,each,Personal Care,2026-07-01
LK-P0211,Catalogue Item 0211,kg,Fresh Food,2026-02-14
LK-P0212,Catalogue Item 0212,l,Cleaning,2026-07-01
LK-P0213,Catalogue Item 0213,each,Dairy & Eggs,2026-07-01
LK-P0214,Catalogue Item 0214,g,Drinks,2026-07-01
LK-P0215,Catalogue Item 0215,each,Personal Care,2026-07-01
LK-P0216,Catalogue Item 0216,kg,Fresh Food,2026-07-01
LK-P0217,Catalogue Item 0217,l,Cleaning,2026-07-01
LK-P0218,Catalogue Item 0218,each,Dairy & Eggs,2026-07-01
LK-P0219,Catalogue Item 0219,g,Drinks,2026-07-01
LK-P0220,Catalogue Item 0220,each,Personal Care,2026-07-01
LK-P0221,Catalogue Item 0221,kg,Fresh Food,2026-02-14
LK-P0222,Catalogue Item 0222,l,Cleaning,2026-07-01
LK-P0223,Catalogue Item 0223,each,Dairy & Eggs,2026-07-01
LK-P0224,Catalogue Item 0224,g,Drinks,2026-07-01
LK-P0225,Catalogue Item 0225,each,Personal Care,2026-07-01
LK-P0226,Catalogue Item 0226,kg,Fresh Food,2026-07-01
LK-P0227,Catalogue Item 0227,l,Cleaning,2026-07-01
LK-P0228,Catalogue Item 0228,each,Dairy & Eggs,2026-07-01
LK-P0229,Catalogue Item 0229,g,Drinks,2026-07-01
LK-P0230,Catalogue Item 0230,each,Personal Care,2026-07-01
LK-P0231,Catalogue Item 0231,kg,Fresh Food,2026-02-14
LK-P0232,Catalogue Item 0232,l,Cleaning,2026-07-01
LK-P0233,Catalogue Item 0233,each,Dairy & Eggs,2026-07-01
LK-P0234,Catalogue Item 0234,g,Drinks,2026-07-01
LK-P0235,Catalogue Item 0235,each,Personal Care,2026-07-01
LK-P0236,Catalogue Item 0236,kg,Fresh Food,2026-07-01
LK-P0237,Catalogue Item 0237,l,Cleaning,2026-07-01
LK-P0238,Catalogue Item 0238,each,Dairy & Eggs,2026-07-01
LK-P0239,Catalogue Item 0239,g,Drinks,2026-07-01
LK-P0240,Catalogue Item 0240,each,Personal Care,2026-07-01
LK-P0241,Catalogue Item 0241,kg,Fresh Food,2026-02-14
LK-P0242,Catalogue Item 0242,l,Cleaning,2026-07-01
LK-P0243,Catalogue Item 0243,each,Dairy & Eggs,2026-07-01
LK-P0244,Catalogue Item 0244,g,Drinks,2026-07-01
LK-P0245,Catalogue Item 0245,each,Personal Care,2026-07-01
LK-P0246,Catalogue Item 0246,kg,Fresh Food,2026-07-01
LK-P0247,Catalogue Item 0247,l,Cleaning,2026-07-01
LK-P0248,Catalogue Item 0248,each,Dairy & Eggs,2026-07-01
LK-P0249,Catalogue Item 0249,g,Drinks,2026-07-01
LK-P0250,Catalogue Item 0250,each,Personal Care,2026-07-01
LK-P0251,Catalogue Item 0251,kg,Fresh Food,2026-02-14
LK-P0252,Catalogue Item 0252,l,Cleaning,2026-07-01
LK-P0253,Catalogue Item 0253,each,Dairy & Eggs,2026-07-01
LK-P0254,Catalogue Item 0254,g,Drinks,2026-07-01
LK-P0255,Catalogue Item 0255,each,Personal Care,2026-07-01
LK-P0256,Catalogue Item 0256,kg,Fresh Food,2026-07-01
LK-P0257,Catalogue Item 0257,l,Cleaning,2026-07-01
LK-P0258,Catalogue Item 0258,each,Dairy & Eggs,2026-07-01
LK-P0259,Catalogue Item 0259,g,Drinks,2026-07-01
LK-P0260,Catalogue Item 0260,each,Personal Care,2026-07-01
LK-P0261,Catalogue Item 0261,kg,Fresh Food,2026-02-14
LK-P0262,Catalogue Item 0262,l,Cleaning,2026-07-01
LK-P0263,Catalogue Item 0263,each,Dairy & Eggs,2026-07-01
LK-P0264,Catalogue Item 0264,g,Drinks,2026-07-01
LK-P0265,Catalogue Item 0265,each,Personal Care,2026-07-01
LK-P0266,Catalogue Item 0266,kg,Fresh Food,2026-07-01
LK-P0267,Catalogue Item 0267,l,Cleaning,2026-07-01
LK-P0268,Catalogue Item 0268,each,Dairy & Eggs,2026-07-01
LK-P0269,Catalogue Item 0269,g,Drinks,2026-07-01
LK-P0270,Catalogue Item 0270,each,Personal Care,2026-07-01
LK-P0271,Catalogue Item 0271,kg,Fresh Food,2026-02-14
LK-P0272,Catalogue Item 0272,l,Cleaning,2026-07-01
LK-P0273,Catalogue Item 0273,each,Dairy & Eggs,2026-07-01
LK-P0274,Catalogue Item 0274,g,Drinks,2026-07-01
LK-P0275,Catalogue Item 0275,each,Personal Care,2026-07-01
LK-P0276,Catalogue Item 0276,kg,Fresh Food,2026-07-01
LK-P0277,Catalogue Item 0277,l,Cleaning,2026-07-01
LK-P0278,Catalogue Item 0278,each,Dairy & Eggs,2026-07-01
LK-P0279,Catalogue Item 0279,g,Drinks,2026-07-01
LK-P0280,Catalogue Item 0280,each,Personal Care,2026-07-01
LK-P0281,Catalogue Item 0281,kg,Fresh Food,2026-02-14
LK-P0282,Catalogue Item 0282,l,Cleaning,2026-07-01
LK-P0283,Catalogue Item 0283,each,Dairy & Eggs,2026-07-01
LK-P0284,Catalogue Item 0284,g,Drinks,2026-07-01
LK-P0285,Catalogue Item 0285,each,Personal Care,2026-07-01
LK-P0286,Catalogue Item 0286,kg,Fresh Food,2026-07-01
LK-P0287,Catalogue Item 0287,l,Cleaning,2026-07-01
LK-P0288,Catalogue Item 0288,each,Dairy & Eggs,2026-07-01
LK-P0289,Catalogue Item 0289,g,Drinks,2026-07-01
LK-P0290,Catalogue Item 0290,each,Personal Care,2026-07-01
LK-P0291,Catalogue Item 0291,kg,Fresh Food,2026-02-14
LK-P0292,Catalogue Item 0292,l,Cleaning,2026-07-01
LK-P0293,Catalogue Item 0293,each,Dairy & Eggs,2026-07-01
LK-P0294,Catalogue Item 0294,g,Drinks,2026-07-01
LK-P0295,Catalogue Item 0295,each,Personal Care,2026-07-01
LK-P0296,Catalogue Item 0296,kg,Fresh Food,2026-07-01
LK-P0297,Catalogue Item 0297,l,Cleaning,2026-07-01
LK-P0298,Catalogue Item 0298,each,Dairy & Eggs,2026-07-01
LK-P0299,Catalogue Item 0299,g,Drinks,2026-07-01
LK-P0300,Catalogue Item 0300,each,Personal Care,2026-07-01
LK-P0301,Catalogue Item 0301,kg,Fresh Food,2026-02-14
LK-P0302,Catalogue Item 0302,l,Cleaning,2026-07-01
LK-P0303,Catalogue Item 0303,each,Dairy & Eggs,2026-07-01
LK-P0304,Catalogue Item 0304,g,Drinks,2026-07-01
LK-P0305,Catalogue Item 0305,each,Personal Care,2026-07-01
LK-P0306,Catalogue Item 0306,kg,Fresh Food,2026-07-01
LK-P0307,Catalogue Item 0307,l,Cleaning,2026-07-01
LK-P0308,Catalogue Item 0308,each,Dairy & Eggs,2026-07-01
LK-P0309,Catalogue Item 0309,g,Drinks,2026-07-01
LK-P0310,Catalogue Item 0310,each,Personal Care,2026-07-01
LK-P0311,Catalogue Item 0311,kg,Fresh Food,2026-02-14
LK-P0312,Catalogue Item 0312,l,Cleaning,2026-07-01
LK-P0313,Catalogue Item 0313,each,Dairy & Eggs,2026-07-01
LK-P0314,Catalogue Item 0314,g,Drinks,2026-07-01
LK-P0315,Catalogue Item 0315,each,Personal Care,2026-07-01
LK-P0316,Catalogue Item 0316,kg,Fresh Food,2026-07-01
LK-P0317,Catalogue Item 0317,l,Cleaning,2026-07-01
LK-P0318,Catalogue Item 0318,each,Dairy & Eggs,2026-07-01
LK-P0319,Catalogue Item 0319,g,Drinks,2026-07-01
LK-P0320,Catalogue Item 0320,each,Personal Care,2026-07-01
LK-P0321,Catalogue Item 0321,kg,Fresh Food,2026-02-14
LK-P0322,Catalogue Item 0322,l,Cleaning,2026-07-01
LK-P0323,Catalogue Item 0323,each,Dairy & Eggs,2026-07-01
LK-P0324,Catalogue Item 0324,g,Drinks,2026-07-01
LK-P0325,Catalogue Item 0325,each,Personal Care,2026-07-01
LK-P0326,Catalogue Item 0326,kg,Fresh Food,2026-07-01
LK-P0327,Catalogue Item 0327,l,Cleaning,2026-07-01
LK-P0328,Catalogue Item 0328,each,Dairy & Eggs,2026-07-01
LK-P0329,Catalogue Item 0329,g,Drinks,2026-07-01
LK-P0330,Catalogue Item 0330,each,Personal Care,2026-07-01
LK-P0331,Catalogue Item 0331,kg,Fresh Food,2026-02-14
LK-P0332,Catalogue Item 0332,l,Cleaning,2026-07-01
LK-P0333,Catalogue Item 0333,each,Dairy & Eggs,2026-07-01
LK-P0334,Catalogue Item 0334,g,Drinks,2026-07-01
LK-P0335,Catalogue Item 0335,each,Personal Care,2026-07-01
LK-P0336,Catalogue Item 0336,kg,Fresh Food,2026-07-01
LK-P0337,Catalogue Item 0337,l,Cleaning,2026-07-01
LK-P0338,Catalogue Item 0338,each,Dairy & Eggs,2026-07-01
LK-P0339,Catalogue Item 0339,g,Drinks,2026-07-01
LK-P0340,Catalogue Item 0340,each,Personal Care,2026-07-01
LK-P0341,Catalogue Item 0341,kg,Fresh Food,2026-02-14
LK-P0342,Catalogue Item 0342,l,Cleaning,2026-07-01
LK-P0343,Catalogue Item 0343,each,Dairy & Eggs,2026-07-01
LK-P0344,Catalogue Item 0344,g,Drinks,2026-07-01
LK-P0345,Catalogue Item 0345,each,Personal Care,2026-07-01
LK-P0346,Catalogue Item 0346,kg,Fresh Food,2026-07-01
LK-P0347,Catalogue Item 0347,l,Cleaning,2026-07-01
LK-P0348,Catalogue Item 0348,each,Dairy & Eggs,2026-07-01
LK-P0349,Catalogue Item 0349,g,Drinks,2026-07-01
LK-P0350,Catalogue Item 0350,each,Personal Care,2026-07-01
LK-P0351,Catalogue Item 0351,kg,Fresh Food,2026-02-14
LK-P0352,Catalogue Item 0352,l,Cleaning,2026-07-01
LK-P0353,Catalogue Item 0353,each,Dairy & Eggs,2026-07-01
LK-P0354,Catalogue Item 0354,g,Drinks,2026-07-01
LK-P0355,Catalogue Item 0355,each,Personal Care,2026-07-01
LK-P0356,Catalogue Item 0356,kg,Fresh Food,2026-07-01
LK-P0357,Catalogue Item 0357,l,Cleaning,2026-07-01
LK-P0358,Catalogue Item 0358,each,Dairy & Eggs,2026-07-01
LK-P0359,Catalogue Item 0359,g,Drinks,2026-07-01
LK-P0360,Catalogue Item 0360,each,Personal Care,2026-07-01
LK-P0361,Catalogue Item 0361,kg,Fresh Food,2026-02-14
LK-P0362,Catalogue Item 0362,l,Cleaning,2026-07-01
LK-P0363,Catalogue Item 0363,each,Dairy & Eggs,2026-07-01
LK-P0364,Catalogue Item 0364,g,Drinks,2026-07-01
LK-P0365,Catalogue Item 0365,each,Personal Care,2026-07-01
LK-P0366,Catalogue Item 0366,kg,Fresh Food,2026-07-01
LK-P0367,Catalogue Item 0367,l,Cleaning,2026-07-01
LK-P0368,Catalogue Item 0368,each,Dairy & Eggs,2026-07-01
LK-P0369,Catalogue Item 0369,g,Drinks,2026-07-01
LK-P0370,Catalogue Item 0370,each,Personal Care,2026-07-01
LK-P0371,Catalogue Item 0371,kg,Fresh Food,2026-02-14
LK-P0372,Catalogue Item 0372,l,Cleaning,2026-07-01
LK-P0373,Catalogue Item 0373,each,Dairy & Eggs,2026-07-01
LK-P0374,Catalogue Item 0374,g,Drinks,2026-07-01
LK-P0375,Catalogue Item 0375,each,Personal Care,2026-07-01
LK-P0376,Catalogue Item 0376,kg,Fresh Food,2026-07-01
LK-P0377,Catalogue Item 0377,l,Cleaning,2026-07-01
LK-P0378,Catalogue Item 0378,each,Dairy & Eggs,2026-07-01
LK-P0379,Catalogue Item 0379,g,Drinks,2026-07-01
LK-P0380,Catalogue Item 0380,each,Personal Care,2026-07-01
LK-P0381,Catalogue Item 0381,kg,Fresh Food,2026-02-14
LK-P0382,Catalogue Item 0382,l,Cleaning,2026-07-01
LK-P0383,Catalogue Item 0383,each,Dairy & Eggs,2026-07-01
LK-P0384,Catalogue Item 0384,g,Drinks,2026-07-01
LK-P0385,Catalogue Item 0385,each,Personal Care,2026-07-01
LK-P0386,Catalogue Item 0386,kg,Fresh Food,2026-07-01
LK-P0387,Catalogue Item 0387,l,Cleaning,2026-07-01
LK-P0388,Catalogue Item 0388,each,Dairy & Eggs,2026-07-01
LK-P0389,Catalogue Item 0389,g,Drinks,2026-07-01
LK-P0390,Catalogue Item 0390,each,Personal Care,2026-07-01
LK-P0391,Catalogue Item 0391,kg,Fresh Food,2026-02-14
LK-P0392,Catalogue Item 0392,l,Cleaning,2026-07-01
LK-P0393,Catalogue Item 0393,each,Dairy & Eggs,2026-07-01
LK-P0394,Catalogue Item 0394,g,Drinks,2026-07-01
LK-P0395,Catalogue Item 0395,each,Personal Care,2026-07-01
LK-P0396,Catalogue Item 0396,kg,Fresh Food,2026-07-01
LK-P0397,Catalogue Item 0397,l,Cleaning,2026-07-01
LK-P0398,Catalogue Item 0398,each,Dairy & Eggs,2026-07-01
LK-P0399,Catalogue Item 0399,g,Drinks,2026-07-01
LK-P0400,Catalogue Item 0400,each,Personal Care,2026-07-01
LK-P0401,Catalogue Item 0401,kg,Fresh Food,2026-02-14
LK-P0402,Catalogue Item 0402,l,Cleaning,2026-07-01
LK-P0403,Catalogue Item 0403,each,Dairy & Eggs,2026-07-01
LK-P0404,Catalogue Item 0404,g,Drinks,2026-07-01
LK-P0405,Catalogue Item 0405,each,Personal Care,2026-07-01
LK-P0406,Catalogue Item 0406,kg,Fresh Food,2026-07-01
LK-P0407,Catalogue Item 0407,l,Cleaning,2026-07-01
LK-P0408,Catalogue Item 0408,each,Dairy & Eggs,2026-07-01
LK-P0409,Catalogue Item 0409,g,Drinks,2026-07-01
LK-P0410,Catalogue Item 0410,each,Personal Care,2026-07-01
LK-P0411,Catalogue Item 0411,kg,Fresh Food,2026-02-14
LK-P0412,Catalogue Item 0412,l,Cleaning,2026-07-01
LK-P0413,Catalogue Item 0413,each,Dairy & Eggs,2026-07-01
LK-P0414,Catalogue Item 0414,g,Drinks,2026-07-01
LK-P0415,Catalogue Item 0415,each,Personal Care,2026-07-01
LK-P0416,Catalogue Item 0416,kg,Fresh Food,2026-07-01
LK-P0417,Catalogue Item 0417,l,Cleaning,2026-07-01
LK-P0418,Catalogue Item 0418,each,Dairy & Eggs,2026-07-01
LK-P0419,Catalogue Item 0419,g,Drinks,2026-07-01
LK-P0420,Catalogue Item 0420,each,Personal Care,2026-07-01
LK-P0421,Catalogue Item 0421,kg,Fresh Food,2026-02-14
LK-P0422,Catalogue Item 0422,l,Cleaning,2026-07-01
LK-P0423,Catalogue Item 0423,each,Dairy & Eggs,2026-07-01
LK-P0424,Catalogue Item 0424,g,Drinks,2026-07-01
LK-P0425,Catalogue Item 0425,each,Personal Care,2026-07-01
LK-P0426,Catalogue Item 0426,kg,Fresh Food,2026-07-01
LK-P0427,Catalogue Item 0427,l,Cleaning,2026-07-01
LK-P0428,Catalogue Item 0428,each,Dairy & Eggs,2026-07-01
LK-P0429,Catalogue Item 0429,g,Drinks,2026-07-01
LK-P0430,Catalogue Item 0430,each,Personal Care,2026-07-01
LK-P0431,Catalogue Item 0431,kg,Fresh Food,2026-02-14
LK-P0432,Catalogue Item 0432,l,Cleaning,2026-07-01
LK-P0433,Catalogue Item 0433,each,Dairy & Eggs,2026-07-01
LK-P0434,Catalogue Item 0434,g,Drinks,2026-07-01
LK-P0435,Catalogue Item 0435,each,Personal Care,2026-07-01
LK-P0436,Catalogue Item 0436,kg,Fresh Food,2026-07-01
LK-P0437,Catalogue Item 0437,l,Cleaning,2026-07-01
LK-P0438,Catalogue Item 0438,each,Dairy & Eggs,2026-07-01
LK-P0439,Catalogue Item 0439,g,Drinks,2026-07-01
LK-P0440,Catalogue Item 0440,each,Personal Care,2026-07-01
LK-P0441,Catalogue Item 0441,kg,Fresh Food,2026-02-14
LK-P0442,Catalogue Item 0442,l,Cleaning,2026-07-01
LK-P0443,Catalogue Item 0443,each,Dairy & Eggs,2026-07-01
LK-P0444,Catalogue Item 0444,g,Drinks,2026-07-01
LK-P0445,Catalogue Item 0445,each,Personal Care,2026-07-01
LK-P0446,Catalogue Item 0446,kg,Fresh Food,2026-07-01
LK-P0447,Catalogue Item 0447,l,Cleaning,2026-07-01
LK-P0448,Catalogue Item 0448,each,Dairy & Eggs,2026-07-01
LK-P0449,Catalogue Item 0449,g,Drinks,2026-07-01
LK-P0450,Catalogue Item 0450,each,Personal Care,2026-07-01
LK-P0451,Catalogue Item 0451,kg,Fresh Food,2026-02-14
LK-P0452,Catalogue Item 0452,l,Cleaning,2026-07-01
LK-P0453,Catalogue Item 0453,each,Dairy & Eggs,2026-07-01
LK-P0454,Catalogue Item 0454,g,Drinks,2026-07-01
LK-P0455,Catalogue Item 0455,each,Personal Care,2026-07-01
LK-P0456,Catalogue Item 0456,kg,Fresh Food,2026-07-01
LK-P0457,Catalogue Item 0457,l,Cleaning,2026-07-01
LK-P0458,Catalogue Item 0458,each,Dairy & Eggs,2026-07-01
LK-P0459,Catalogue Item 0459,g,Drinks,2026-07-01
LK-P0460,Catalogue Item 0460,each,Personal Care,2026-07-01
LK-P0461,Catalogue Item 0461,kg,Fresh Food,2026-02-14
LK-P0462,Catalogue Item 0462,l,Cleaning,2026-07-01
LK-P0463,Catalogue Item 0463,each,Dairy & Eggs,2026-07-01
LK-P0464,Catalogue Item 0464,g,Drinks,2026-07-01
LK-P0465,Catalogue Item 0465,each,Personal Care,2026-07-01
LK-P0466,Catalogue Item 0466,kg,Fresh Food,2026-07-01
LK-P0467,Catalogue Item 0467,l,Cleaning,2026-07-01
LK-P0468,Catalogue Item 0468,each,Dairy & Eggs,2026-07-01
LK-P0469,Catalogue Item 0469,g,Drinks,2026-07-01
LK-P0470,Catalogue Item 0470,each,Personal Care,2026-07-01
LK-P0471,Catalogue Item 0471,kg,Fresh Food,2026-02-14
LK-P0472,Catalogue Item 0472,l,Cleaning,2026-07-01
LK-P0473,Catalogue Item 0473,each,Dairy & Eggs,2026-07-01
LK-P0474,Catalogue Item 0474,g,Drinks,2026-07-01
LK-P0475,Catalogue Item 0475,each,Personal Care,2026-07-01
LK-P0476,Catalogue Item 0476,kg,Fresh Food,2026-07-01
LK-P0477,Catalogue Item 0477,l,Cleaning,2026-07-01
LK-P0478,Catalogue Item 0478,each,Dairy & Eggs,2026-07-01
LK-P0479,Catalogue Item 0479,g,Drinks,2026-07-01
LK-P0480,Catalogue Item 0480,each,Personal Care,2026-07-01
LK-P0481,Catalogue Item 0481,kg,Fresh Food,2026-02-14
LK-P0482,Catalogue Item 0482,l,Cleaning,2026-07-01
LK-P0483,Catalogue Item 0483,each,Dairy & Eggs,2026-07-01
LK-P0484,Catalogue Item 0484,g,Drinks,2026-07-01
LK-P0485,Catalogue Item 0485,each,Personal Care,2026-07-01
LK-P0486,Catalogue Item 0486,kg,Fresh Food,2026-07-01
LK-P0487,Catalogue Item 0487,l,Cleaning,2026-07-01
LK-P0488,Catalogue Item 0488,each,Dairy & Eggs,2026-07-01
LK-P0489,Catalogue Item 0489,g,Drinks,2026-07-01
LK-P0490,Catalogue Item 0490,each,Personal Care,2026-07-01
LK-P0491,Catalogue Item 0491,kg,Fresh Food,2026-02-14
LK-P0492,Catalogue Item 0492,l,Cleaning,2026-07-01
LK-P0493,Catalogue Item 0493,each,Dairy & Eggs,2026-07-01
LK-P0494,Catalogue Item 0494,g,Drinks,2026-07-01
LK-P0495,Catalogue Item 0495,each,Personal Care,2026-07-01
LK-P0496,Catalogue Item 0496,kg,Fresh Food,2026-07-01
LK-P0497,Catalogue Item 0497,l,Cleaning,2026-07-01
LK-P0498,Catalogue Item 0498,each,Dairy & Eggs,2026-07-01
LK-P0499,Catalogue Item 0499,g,Drinks,2026-07-01
LK-P0500,Catalogue Item 0500,each,Personal Care,2026-07-01
LK-P0501,Catalogue Item 0501,kg,Fresh Food,2026-02-14
LK-P0502,Catalogue Item 0502,l,Cleaning,2026-07-01
LK-P0503,Catalogue Item 0503,each,Dairy & Eggs,2026-07-01
LK-P0504,Catalogue Item 0504,g,Drinks,2026-07-01
LK-P0505,Catalogue Item 0505,each,Personal Care,2026-07-01
LK-P0506,Catalogue Item 0506,kg,Fresh Food,2026-07-01
LK-P0507,Catalogue Item 0507,l,Cleaning,2026-07-01
LK-P0508,Catalogue Item 0508,each,Dairy & Eggs,2026-07-01
LK-P0509,Catalogue Item 0509,g,Drinks,2026-07-01
LK-P0510,Catalogue Item 0510,each,Personal Care,2026-07-01
LK-P0511,Catalogue Item 0511,kg,Fresh Food,2026-02-14
LK-P0512,Catalogue Item 0512,l,Cleaning,2026-07-01
LK-P0513,Catalogue Item 0513,each,Dairy & Eggs,2026-07-01
LK-P0514,Catalogue Item 0514,g,Drinks,2026-07-01
LK-P0515,Catalogue Item 0515,each,Personal Care,2026-07-01
LK-P0516,Catalogue Item 0516,kg,Fresh Food,2026-07-01
LK-P0517,Catalogue Item 0517,l,Cleaning,2026-07-01
LK-P0518,Catalogue Item 0518,each,Dairy & Eggs,2026-07-01
LK-P0519,Catalogue Item 0519,g,Drinks,2026-07-01
LK-P0520,Catalogue Item 0520,each,Personal Care,2026-07-01
LK-P0521,Catalogue Item 0521,kg,Fresh Food,2026-02-14
LK-P0522,Catalogue Item 0522,l,Cleaning,2026-07-01
LK-P0523,Catalogue Item 0523,each,Dairy & Eggs,2026-07-01
LK-P0524,Catalogue Item 0524,g,Drinks,2026-07-01
LK-P0525,Catalogue Item 0525,each,Personal Care,2026-07-01
LK-P0526,Catalogue Item 0526,kg,Fresh Food,2026-07-01
LK-P0527,Catalogue Item 0527,l,Cleaning,2026-07-01
LK-P0528,Catalogue Item 0528,each,Dairy & Eggs,2026-07-01
LK-P0529,Catalogue Item 0529,g,Drinks,2026-07-01
LK-P0530,Catalogue Item 0530,each,Personal Care,2026-07-01
LK-P0531,Catalogue Item 0531,kg,Fresh Food,2026-02-14
LK-P0532,Catalogue Item 0532,l,Cleaning,2026-07-01
LK-P0533,Catalogue Item 0533,each,Dairy & Eggs,2026-07-01
LK-P0534,Catalogue Item 0534,g,Drinks,2026-07-01
LK-P0535,Catalogue Item 0535,each,Personal Care,2026-07-01
LK-P0536,Catalogue Item 0536,kg,Fresh Food,2026-07-01
LK-P0537,Catalogue Item 0537,l,Cleaning,2026-07-01
LK-P0538,Catalogue Item 0538,each,Dairy & Eggs,2026-07-01
LK-P0539,Catalogue Item 0539,g,Drinks,2026-07-01
LK-P0540,Catalogue Item 0540,each,Personal Care,2026-07-01
LK-P0541,Catalogue Item 0541,kg,Fresh Food,2026-02-14
LK-P0542,Catalogue Item 0542,l,Cleaning,2026-07-01
LK-P0543,Catalogue Item 0543,each,Dairy & Eggs,2026-07-01
LK-P0544,Catalogue Item 0544,g,Drinks,2026-07-01
LK-P0545,Catalogue Item 0545,each,Personal Care,2026-07-01
LK-P0546,Catalogue Item 0546,kg,Fresh Food,2026-07-01
LK-P0547,Catalogue Item 0547,l,Cleaning,2026-07-01
LK-P0548,Catalogue Item 0548,each,Dairy & Eggs,2026-07-01
LK-P0549,Catalogue Item 0549,g,Drinks,2026-07-01
LK-P0550,Catalogue Item 0550,each,Personal Care,2026-07-01
LK-P0551,Catalogue Item 0551,kg,Fresh Food,2026-02-14
LK-P0552,Catalogue Item 0552,l,Cleaning,2026-07-01
LK-P0553,Catalogue Item 0553,each,Dairy & Eggs,2026-07-01
LK-P0554,Catalogue Item 0554,g,Drinks,2026-07-01
LK-P0555,Catalogue Item 0555,each,Personal Care,2026-07-01
LK-P0556,Catalogue Item 0556,kg,Fresh Food,2026-07-01
LK-P0557,Catalogue Item 0557,l,Cleaning,2026-07-01
LK-P0558,Catalogue Item 0558,each,Dairy & Eggs,2026-07-01
LK-P0559,Catalogue Item 0559,g,Drinks,2026-07-01
LK-P0560,Catalogue Item 0560,each,Personal Care,2026-07-01
LK-P0561,Catalogue Item 0561,kg,Fresh Food,2026-02-14
LK-P0562,Catalogue Item 0562,l,Cleaning,2026-07-01
LK-P0563,Catalogue Item 0563,each,Dairy & Eggs,2026-07-01
LK-P0564,Catalogue Item 0564,g,Drinks,2026-07-01
LK-P0565,Catalogue Item 0565,each,Personal Care,2026-07-01
LK-P0566,Catalogue Item 0566,kg,Fresh Food,2026-07-01
LK-P0567,Catalogue Item 0567,l,Cleaning,2026-07-01
LK-P0568,Catalogue Item 0568,each,Dairy & Eggs,2026-07-01
LK-P0569,Catalogue Item 0569,g,Drinks,2026-07-01
LK-P0570,Catalogue Item 0570,each,Personal Care,2026-07-01
LK-P0571,Catalogue Item 0571,kg,Fresh Food,2026-02-14
LK-P0572,Catalogue Item 0572,l,Cleaning,2026-07-01
LK-P0573,Catalogue Item 0573,each,Dairy & Eggs,2026-07-01
LK-P0574,Catalogue Item 0574,g,Drinks,2026-07-01
LK-P0575,Catalogue Item 0575,each,Personal Care,2026-07-01
LK-P0576,Catalogue Item 0576,kg,Fresh Food,2026-07-01
LK-P0577,Catalogue Item 0577,l,Cleaning,2026-07-01
LK-P0578,Catalogue Item 0578,each,Dairy & Eggs,2026-07-01
LK-P0579,Catalogue Item 0579,g,Drinks,2026-07-01
LK-P0580,Catalogue Item 0580,each,Personal Care,2026-07-01
LK-P0581,Catalogue Item 0581,kg,Fresh Food,2026-02-14
LK-P0582,Catalogue Item 0582,l,Cleaning,2026-07-01
LK-P0583,Catalogue Item 0583,each,Dairy & Eggs,2026-07-01
LK-P0584,Catalogue Item 0584,g,Drinks,2026-07-01
LK-P0585,Catalogue Item 0585,each,Personal Care,2026-07-01
LK-P0586,Catalogue Item 0586,kg,Fresh Food,2026-07-01
LK-P0587,Catalogue Item 0587,l,Cleaning,2026-07-01
LK-P0588,Catalogue Item 0588,each,Dairy & Eggs,2026-07-01
LK-P0589,Catalogue Item 0589,g,Drinks,2026-07-01
LK-P0590,Catalogue Item 0590,each,Personal Care,2026-07-01
LK-P0591,Catalogue Item 0591,kg,Fresh Food,2026-02-14
LK-P0592,Catalogue Item 0592,l,Cleaning,2026-07-01
LK-P0593,Catalogue Item 0593,each,Dairy & Eggs,2026-07-01
LK-P0594,Catalogue Item 0594,g,Drinks,2026-07-01
LK-P0595,Catalogue Item 0595,each,Personal Care,2026-07-01
LK-P0596,Catalogue Item 0596,kg,Fresh Food,2026-07-01
LK-P0597,Catalogue Item 0597,l,Cleaning,2026-07-01
LK-P0598,Catalogue Item 0598,each,Dairy & Eggs,2026-07-01
LK-P0599,Catalogue Item 0599,g,Drinks,2026-07-01
LK-P0600,Catalogue Item 0600,each,Personal Care,2026-07-01
LK-P0601,Catalogue Item 0601,kg,Fresh Food,2026-02-14
LK-P0602,Catalogue Item 0602,l,Cleaning,2026-07-01
LK-P0603,Catalogue Item 0603,each,Dairy & Eggs,2026-07-01
LK-P0604,Catalogue Item 0604,g,Drinks,2026-07-01
LK-P0605,Catalogue Item 0605,each,Personal Care,2026-07-01
LK-P0606,Catalogue Item 0606,kg,Fresh Food,2026-07-01
LK-P0607,Catalogue Item 0607,l,Cleaning,2026-07-01
LK-P0608,Catalogue Item 0608,each,Dairy & Eggs,2026-07-01
LK-P0609,Catalogue Item 0609,g,Drinks,2026-07-01
LK-P0610,Catalogue Item 0610,each,Personal Care,2026-07-01
LK-P0611,Catalogue Item 0611,kg,Fresh Food,2026-02-14
LK-P0612,Catalogue Item 0612,l,Cleaning,2026-07-01
LK-P0613,Catalogue Item 0613,each,Dairy & Eggs,2026-07-01
LK-P0614,Catalogue Item 0614,g,Drinks,2026-07-01
LK-P0615,Catalogue Item 0615,each,Personal Care,2026-07-01
LK-P0616,Catalogue Item 0616,kg,Fresh Food,2026-07-01
LK-P0617,Catalogue Item 0617,l,Cleaning,2026-07-01
LK-P0618,Catalogue Item 0618,each,Dairy & Eggs,2026-07-01
LK-P0619,Catalogue Item 0619,g,Drinks,2026-07-01
LK-P0620,Catalogue Item 0620,each,Personal Care,2026-07-01
LK-P0621,Catalogue Item 0621,kg,Fresh Food,2026-02-14
LK-P0622,Catalogue Item 0622,l,Cleaning,2026-07-01
LK-P0623,Catalogue Item 0623,each,Dairy & Eggs,2026-07-01
LK-P0624,Catalogue Item 0624,g,Drinks,2026-07-01
LK-P0625,Catalogue Item 0625,each,Personal Care,2026-07-01
LK-P0626,Catalogue Item 0626,kg,Fresh Food,2026-07-01
LK-P0627,Catalogue Item 0627,l,Cleaning,2026-07-01
LK-P0628,Catalogue Item 0628,each,Dairy & Eggs,2026-07-01
LK-P0629,Catalogue Item 0629,g,Drinks,2026-07-01
LK-P0630,Catalogue Item 0630,each,Personal Care,2026-07-01
LK-P0631,Catalogue Item 0631,kg,Fresh Food,2026-02-14
LK-P0632,Catalogue Item 0632,l,Cleaning,2026-07-01
LK-P0633,Catalogue Item 0633,each,Dairy & Eggs,2026-07-01
LK-P0634,Catalogue Item 0634,g,Drinks,2026-07-01
LK-P0635,Catalogue Item 0635,each,Personal Care,2026-07-01
LK-P0636,Catalogue Item 0636,kg,Fresh Food,2026-07-01
LK-P0637,Catalogue Item 0637,l,Cleaning,2026-07-01
LK-P0638,Catalogue Item 0638,each,Dairy & Eggs,2026-07-01
LK-P0639,Catalogue Item 0639,g,Drinks,2026-07-01
LK-P0640,Catalogue Item 0640,each,Personal Care,2026-07-01
LK-P0641,Catalogue Item 0641,kg,Fresh Food,2026-02-14
LK-P0642,Catalogue Item 0642,l,Cleaning,2026-07-01
LK-P0643,Catalogue Item 0643,each,Dairy & Eggs,2026-07-01
LK-P0644,Catalogue Item 0644,g,Drinks,2026-07-01
LK-P0645,Catalogue Item 0645,each,Personal Care,2026-07-01
LK-P0646,Catalogue Item 0646,kg,Fresh Food,2026-07-01
LK-P0647,Catalogue Item 0647,l,Cleaning,2026-07-01
LK-P0648,Catalogue Item 0648,each,Dairy & Eggs,2026-07-01
LK-P0649,Catalogue Item 0649,g,Drinks,2026-07-01
LK-P0650,Catalogue Item 0650,each,Personal Care,2026-07-01
LK-P0651,Catalogue Item 0651,kg,Fresh Food,2026-02-14
LK-P0652,Catalogue Item 0652,l,Cleaning,2026-07-01
LK-P0653,Catalogue Item 0653,each,Dairy & Eggs,2026-07-01
LK-P0654,Catalogue Item 0654,g,Drinks,2026-07-01
LK-P0655,Catalogue Item 0655,each,Personal Care,2026-07-01
LK-P0656,Catalogue Item 0656,kg,Fresh Food,2026-07-01
LK-P0657,Catalogue Item 0657,l,Cleaning,2026-07-01
LK-P0658,Catalogue Item 0658,each,Dairy & Eggs,2026-07-01
LK-P0659,Catalogue Item 0659,g,Drinks,2026-07-01
LK-P0660,Catalogue Item 0660,each,Personal Care,2026-07-01
LK-P0661,Catalogue Item 0661,kg,Fresh Food,2026-02-14
LK-P0662,Catalogue Item 0662,l,Cleaning,2026-07-01
LK-P0663,Catalogue Item 0663,each,Dairy & Eggs,2026-07-01
LK-P0664,Catalogue Item 0664,g,Drinks,2026-07-01
LK-P0665,Catalogue Item 0665,each,Personal Care,2026-07-01
LK-P0666,Catalogue Item 0666,kg,Fresh Food,2026-07-01
LK-P0667,Catalogue Item 0667,l,Cleaning,2026-07-01
LK-P0668,Catalogue Item 0668,each,Dairy & Eggs,2026-07-01
LK-P0669,Catalogue Item 0669,g,Drinks,2026-07-01
LK-P0670,Catalogue Item 0670,each,Personal Care,2026-07-01
LK-P0671,Catalogue Item 0671,kg,Fresh Food,2026-02-14
LK-P0672,Catalogue Item 0672,l,Cleaning,2026-07-01
LK-P0673,Catalogue Item 0673,each,Dairy & Eggs,2026-07-01
LK-P0674,Catalogue Item 0674,g,Drinks,2026-07-01
LK-P0675,Catalogue Item 0675,each,Personal Care,2026-07-01
LK-P0676,Catalogue Item 0676,kg,Fresh Food,2026-07-01
LK-P0677,Catalogue Item 0677,l,Cleaning,2026-07-01
LK-P0678,Catalogue Item 0678,each,Dairy & Eggs,2026-07-01
LK-P0679,Catalogue Item 0679,g,Drinks,2026-07-01
LK-P0680,Catalogue Item 0680,each,Personal Care,2026-07-01
LK-P0681,Catalogue Item 0681,kg,Fresh Food,2026-02-14
LK-P0682,Catalogue Item 0682,l,Cleaning,2026-07-01
LK-P0683,Catalogue Item 0683,each,Dairy & Eggs,2026-07-01
LK-P0684,Catalogue Item 0684,g,Drinks,2026-07-01
LK-P0685,Catalogue Item 0685,each,Personal Care,2026-07-01
LK-P0686,Catalogue Item 0686,kg,Fresh Food,2026-07-01
LK-P0687,Catalogue Item 0687,l,Cleaning,2026-07-01
LK-P0688,Catalogue Item 0688,each,Dairy & Eggs,2026-07-01
LK-P0689,Catalogue Item 0689,g,Drinks,2026-07-01
LK-P0690,Catalogue Item 0690,each,Personal Care,2026-07-01
LK-P0691,Catalogue Item 0691,kg,Fresh Food,2026-02-14
LK-P0692,Catalogue Item 0692,l,Cleaning,2026-07-01
LK-P0693,Catalogue Item 0693,each,Dairy & Eggs,2026-07-01
LK-P0694,Catalogue Item 0694,g,Drinks,2026-07-01
LK-P0695,Catalogue Item 0695,each,Personal Care,2026-07-01
LK-P0696,Catalogue Item 0696,kg,Fresh Food,2026-07-01
LK-P0697,Catalogue Item 0697,l,Cleaning,2026-07-01
LK-P0698,Catalogue Item 0698,each,Dairy & Eggs,2026-07-01
LK-P0699,Catalogue Item 0699,g,Drinks,2026-07-01
LK-P0700,Catalogue Item 0700,each,Personal Care,2026-07-01
LK-P0701,Catalogue Item 0701,kg,Fresh Food,2026-02-14
LK-P0702,Catalogue Item 0702,l,Cleaning,2026-07-01
LK-P0703,Catalogue Item 0703,each,Dairy & Eggs,2026-07-01
LK-P0704,Catalogue Item 0704,g,Drinks,2026-07-01
LK-P0705,Catalogue Item 0705,each,Personal Care,2026-07-01
LK-P0706,Catalogue Item 0706,kg,Fresh Food,2026-07-01
LK-P0707,Catalogue Item 0707,l,Cleaning,2026-07-01
LK-P0708,Catalogue Item 0708,each,Dairy & Eggs,2026-07-01
LK-P0709,Catalogue Item 0709,g,Drinks,2026-07-01
LK-P0710,Catalogue Item 0710,each,Personal Care,2026-07-01
LK-P0711,Catalogue Item 0711,kg,Fresh Food,2026-02-14
LK-P0712,Catalogue Item 0712,l,Cleaning,2026-07-01
LK-P0713,Catalogue Item 0713,each,Dairy & Eggs,2026-07-01
LK-P0714,Catalogue Item 0714,g,Drinks,2026-07-01
LK-P0715,Catalogue Item 0715,each,Personal Care,2026-07-01
LK-P0716,Catalogue Item 0716,kg,Fresh Food,2026-07-01
LK-P0717,Catalogue Item 0717,l,Cleaning,2026-07-01
LK-P0718,Catalogue Item 0718,each,Dairy & Eggs,2026-07-01
LK-P0719,Catalogue Item 0719,g,Drinks,2026-07-01
LK-P0720,Catalogue Item 0720,each,Personal Care,2026-07-01
LK-P0721,Catalogue Item 0721,kg,Fresh Food,2026-02-14
LK-P0722,Catalogue Item 0722,l,Cleaning,2026-07-01
LK-P0723,Catalogue Item 0723,each,Dairy & Eggs,2026-07-01
LK-P0724,Catalogue Item 0724,g,Drinks,2026-07-01
LK-P0725,Catalogue Item 0725,each,Personal Care,2026-07-01
LK-P0726,Catalogue Item 0726,kg,Fresh Food,2026-07-01
LK-P0727,Catalogue Item 0727,l,Cleaning,2026-07-01
LK-P0728,Catalogue Item 0728,each,Dairy & Eggs,2026-07-01
LK-P0729,Catalogue Item 0729,g,Drinks,2026-07-01
LK-P0730,Catalogue Item 0730,each,Personal Care,2026-07-01
LK-P0731,Catalogue Item 0731,kg,Fresh Food,2026-02-14
LK-P0732,Catalogue Item 0732,l,Cleaning,2026-07-01
LK-P0733,Catalogue Item 0733,each,Dairy & Eggs,2026-07-01
LK-P0734,Catalogue Item 0734,g,Drinks,2026-07-01
LK-P0735,Catalogue Item 0735,each,Personal Care,2026-07-01
LK-P0736,Catalogue Item 0736,kg,Fresh Food,2026-07-01
LK-P0737,Catalogue Item 0737,l,Cleaning,2026-07-01
LK-P0738,Catalogue Item 0738,each,Dairy & Eggs,2026-07-01
LK-P0739,Catalogue Item 0739,g,Drinks,2026-07-01
LK-P0740,Catalogue Item 0740,each,Personal Care,2026-07-01
LK-P0741,Catalogue Item 0741,kg,Fresh Food,2026-02-14
LK-P0742,Catalogue Item 0742,l,Cleaning,2026-07-01
LK-P0743,Catalogue Item 0743,each,Dairy & Eggs,2026-07-01
LK-P0744,Catalogue Item 0744,g,Drinks,2026-07-01
LK-P0745,Catalogue Item 0745,each,Personal Care,2026-07-01
LK-P0746,Catalogue Item 0746,kg,Fresh Food,2026-07-01
LK-P0747,Catalogue Item 0747,l,Cleaning,2026-07-01
LK-P0748,Catalogue Item 0748,each,Dairy & Eggs,2026-07-01
LK-P0749,Catalogue Item 0749,g,Drinks,2026-07-01
LK-P0750,Catalogue Item 0750,each,Personal Care,2026-07-01
LK-P0751,Catalogue Item 0751,kg,Fresh Food,2026-02-14
LK-P0752,Catalogue Item 0752,l,Cleaning,2026-07-01
LK-P0753,Catalogue Item 0753,each,Dairy & Eggs,2026-07-01
LK-P0754,Catalogue Item 0754,g,Drinks,2026-07-01
LK-P0755,Catalogue Item 0755,each,Personal Care,2026-07-01
LK-P0756,Catalogue Item 0756,kg,Fresh Food,2026-07-01
LK-P0757,Catalogue Item 0757,l,Cleaning,2026-07-01
LK-P0758,Catalogue Item 0758,each,Dairy & Eggs,2026-07-01
LK-P0759,Catalogue Item 0759,g,Drinks,2026-07-01
LK-P0760,Catalogue Item 0760,each,Personal Care,2026-07-01
LK-P0761,Catalogue Item 0761,kg,Fresh Food,2026-02-14
LK-P0762,Catalogue Item 0762,l,Cleaning,2026-07-01
LK-P0763,Catalogue Item 0763,each,Dairy & Eggs,2026-07-01
LK-P0764,Catalogue Item 0764,g,Drinks,2026-07-01
LK-P0765,Catalogue Item 0765,each,Personal Care,2026-07-01
LK-P0766,Catalogue Item 0766,kg,Fresh Food,2026-07-01
LK-P0767,Catalogue Item 0767,l,Cleaning,2026-07-01
LK-P0768,Catalogue Item 0768,each,Dairy & Eggs,2026-07-01
LK-P0769,Catalogue Item 0769,g,Drinks,2026-07-01
LK-P0770,Catalogue Item 0770,each,Personal Care,2026-07-01
LK-P0771,Catalogue Item 0771,kg,Fresh Food,2026-02-14
LK-P0772,Catalogue Item 0772,l,Cleaning,2026-07-01
LK-P0773,Catalogue Item 0773,each,Dairy & Eggs,2026-07-01
LK-P0774,Catalogue Item 0774,g,Drinks,2026-07-01
LK-P0775,Catalogue Item 0775,each,Personal Care,2026-07-01
LK-P0776,Catalogue Item 0776,kg,Fresh Food,2026-07-01
LK-P0777,Catalogue Item 0777,l,Cleaning,2026-07-01
LK-P0778,Catalogue Item 0778,each,Dairy & Eggs,2026-07-01
LK-P0779,Catalogue Item 0779,g,Drinks,2026-07-01
LK-P0780,Catalogue Item 0780,each,Personal Care,2026-07-01
LK-P0781,Catalogue Item 0781,kg,Fresh Food,2026-02-14
LK-P0782,Catalogue Item 0782,l,Cleaning,2026-07-01
LK-P0783,Catalogue Item 0783,each,Dairy & Eggs,2026-07-01
LK-P0784,Catalogue Item 0784,g,Drinks,2026-07-01
LK-P0785,Catalogue Item 0785,each,Personal Care,2026-07-01
LK-P0786,Catalogue Item 0786,kg,Fresh Food,2026-07-01
LK-P0787,Catalogue Item 0787,l,Cleaning,2026-07-01
LK-P0788,Catalogue Item 0788,each,Dairy & Eggs,2026-07-01
LK-P0789,Catalogue Item 0789,g,Drinks,2026-07-01
LK-P0790,Catalogue Item 0790,each,Personal Care,2026-07-01
LK-P0791,Catalogue Item 0791,kg,Fresh Food,2026-02-14
LK-P0792,Catalogue Item 0792,l,Cleaning,2026-07-01
LK-P0793,Catalogue Item 0793,each,Dairy & Eggs,2026-07-01
LK-P0794,Catalogue Item 0794,g,Drinks,2026-07-01
LK-P0795,Catalogue Item 0795,each,Personal Care,2026-07-01
LK-P0796,Catalogue Item 0796,kg,Fresh Food,2026-07-01
LK-P0797,Catalogue Item 0797,l,Cleaning,2026-07-01
LK-P0798,Catalogue Item 0798,each,Dairy & Eggs,2026-07-01
LK-P0799,Catalogue Item 0799,g,Drinks,2026-07-01
LK-P0800,Catalogue Item 0800,each,Personal Care,2026-07-01
LK-P0801,Catalogue Item 0801,kg,Fresh Food,2026-02-14
LK-P0802,Catalogue Item 0802,l,Cleaning,2026-07-01
LK-P0803,Catalogue Item 0803,each,Dairy & Eggs,2026-07-01
LK-P0804,Catalogue Item 0804,g,Drinks,2026-07-01
LK-P0805,Catalogue Item 0805,each,Personal Care,2026-07-01
LK-P0806,Catalogue Item 0806,kg,Fresh Food,2026-07-01
LK-P0807,Catalogue Item 0807,l,Cleaning,2026-07-01
LK-P0808,Catalogue Item 0808,each,Dairy & Eggs,2026-07-01
LK-P0809,Catalogue Item 0809,g,Drinks,2026-07-01
LK-P0810,Catalogue Item 0810,each,Personal Care,2026-07-01
LK-P0811,Catalogue Item 0811,kg,Fresh Food,2026-02-14
LK-P0812,Catalogue Item 0812,l,Cleaning,2026-07-01
LK-P0813,Catalogue Item 0813,each,Dairy & Eggs,2026-07-01
LK-P0814,Catalogue Item 0814,g,Drinks,2026-07-01
LK-P0815,Catalogue Item 0815,each,Personal Care,2026-07-01
LK-P0816,Catalogue Item 0816,kg,Fresh Food,2026-07-01
LK-P0817,Catalogue Item 0817,l,Cleaning,2026-07-01
LK-P0818,Catalogue Item 0818,each,Dairy & Eggs,2026-07-01
LK-P0819,Catalogue Item 0819,g,Drinks,2026-07-01
LK-P0820,Catalogue Item 0820,each,Personal Care,2026-07-01
LK-P0821,Catalogue Item 0821,kg,Fresh Food,2026-02-14
LK-P0822,Catalogue Item 0822,l,Cleaning,2026-07-01
LK-P0823,Catalogue Item 0823,each,Dairy & Eggs,2026-07-01
LK-P0824,Catalogue Item 0824,g,Drinks,2026-07-01
LK-P0825,Catalogue Item 0825,each,Personal Care,2026-07-01
LK-P0826,Catalogue Item 0826,kg,Fresh Food,2026-07-01
LK-P0827,Catalogue Item 0827,l,Cleaning,2026-07-01
LK-P0828,Catalogue Item 0828,each,Dairy & Eggs,2026-07-01
LK-P0829,Catalogue Item 0829,g,Drinks,2026-07-01
LK-P0830,Catalogue Item 0830,each,Personal Care,2026-07-01
LK-P0831,Catalogue Item 0831,kg,Fresh Food,2026-02-14
LK-P0832,Catalogue Item 0832,l,Cleaning,2026-07-01
LK-P0833,Catalogue Item 0833,each,Dairy & Eggs,2026-07-01
LK-P0834,Catalogue Item 0834,g,Drinks,2026-07-01
LK-P0835,Catalogue Item 0835,each,Personal Care,2026-07-01
LK-P0836,Catalogue Item 0836,kg,Fresh Food,2026-07-01
LK-P0837,Catalogue Item 0837,l,Cleaning,2026-07-01
LK-P0838,Catalogue Item 0838,each,Dairy & Eggs,2026-07-01
LK-P0839,Catalogue Item 0839,g,Drinks,2026-07-01
LK-P0840,Catalogue Item 0840,each,Personal Care,2026-07-01
LK-P0841,Catalogue Item 0841,kg,Fresh Food,2026-02-14
LK-P0842,Catalogue Item 0842,l,Cleaning,2026-07-01
LK-P0843,Catalogue Item 0843,each,Dairy & Eggs,2026-07-01
LK-P0844,Catalogue Item 0844,g,Drinks,2026-07-01
LK-P0845,Catalogue Item 0845,each,Personal Care,2026-07-01
LK-P0846,Catalogue Item 0846,kg,Fresh Food,2026-07-01
LK-P0847,Catalogue Item 0847,l,Cleaning,2026-07-01
LK-P0848,Catalogue Item 0848,each,Dairy & Eggs,2026-07-01
LK-P0849,Catalogue Item 0849,g,Drinks,2026-07-01
LK-P0850,Catalogue Item 0850,each,Personal Care,2026-07-01
LK-P0851,Catalogue Item 0851,kg,Fresh Food,2026-02-14
LK-P0852,Catalogue Item 0852,l,Cleaning,2026-07-01
LK-P0853,Catalogue Item 0853,each,Dairy & Eggs,2026-07-01
LK-P0854,Catalogue Item 0854,g,Drinks,2026-07-01
LK-P0855,Catalogue Item 0855,each,Personal Care,2026-07-01
LK-P0856,Catalogue Item 0856,kg,Fresh Food,2026-07-01
LK-P0857,Catalogue Item 0857,l,Cleaning,2026-07-01
LK-P0858,Catalogue Item 0858,each,Dairy & Eggs,2026-07-01
LK-P0859,Catalogue Item 0859,g,Drinks,2026-07-01
LK-P0860,Catalogue Item 0860,each,Personal Care,2026-07-01
LK-P0861,Catalogue Item 0861,kg,Fresh Food,2026-02-14
LK-P0862,Catalogue Item 0862,l,Cleaning,2026-07-01
LK-P0863,Catalogue Item 0863,each,Dairy & Eggs,2026-07-01
LK-P0864,Catalogue Item 0864,g,Drinks,2026-07-01
LK-P0865,Catalogue Item 0865,each,Personal Care,2026-07-01
LK-P0866,Catalogue Item 0866,kg,Fresh Food,2026-07-01
LK-P0867,Catalogue Item 0867,l,Cleaning,2026-07-01
LK-P0868,Catalogue Item 0868,each,Dairy & Eggs,2026-07-01
LK-P0869,Catalogue Item 0869,g,Drinks,2026-07-01
LK-P0870,Catalogue Item 0870,each,Personal Care,2026-07-01
LK-P0871,Catalogue Item 0871,kg,Fresh Food,2026-02-14
LK-P0872,Catalogue Item 0872,l,Cleaning,2026-07-01
LK-P0873,Catalogue Item 0873,each,Dairy & Eggs,2026-07-01
LK-P0874,Catalogue Item 0874,g,Drinks,2026-07-01
LK-P0875,Catalogue Item 0875,each,Personal Care,2026-07-01
LK-P0876,Catalogue Item 0876,kg,Fresh Food,2026-07-01
LK-P0877,Catalogue Item 0877,l,Cleaning,2026-07-01
LK-P0878,Catalogue Item 0878,each,Dairy & Eggs,2026-07-01
LK-P0879,Catalogue Item 0879,g,Drinks,2026-07-01
LK-P0880,Catalogue Item 0880,each,Personal Care,2026-07-01
LK-P0881,Catalogue Item 0881,kg,Fresh Food,2026-02-14
LK-P0882,Catalogue Item 0882,l,Cleaning,2026-07-01
LK-P0883,Catalogue Item 0883,each,Dairy & Eggs,2026-07-01
LK-P0884,Catalogue Item 0884,g,Drinks,2026-07-01
LK-P0885,Catalogue Item 0885,each,Personal Care,2026-07-01
LK-P0886,Catalogue Item 0886,kg,Fresh Food,2026-07-01
LK-P0887,Catalogue Item 0887,l,Cleaning,2026-07-01
LK-P0888,Catalogue Item 0888,each,Dairy & Eggs,2026-07-01
LK-P0889,Catalogue Item 0889,g,Drinks,2026-07-01
LK-P0890,Catalogue Item 0890,each,Personal Care,2026-07-01
LK-P0891,Catalogue Item 0891,kg,Fresh Food,2026-02-14
LK-P0892,Catalogue Item 0892,l,Cleaning,2026-07-01
LK-P0893,Catalogue Item 0893,each,Dairy & Eggs,2026-07-01
LK-P0894,Catalogue Item 0894,g,Drinks,2026-07-01
LK-P0895,Catalogue Item 0895,each,Personal Care,2026-07-01
LK-P0896,Catalogue Item 0896,kg,Fresh Food,2026-07-01
LK-P0897,Catalogue Item 0897,l,Cleaning,2026-07-01
LK-P0898,Catalogue Item 0898,each,Dairy & Eggs,2026-07-01
LK-P0899,Catalogue Item 0899,g,Drinks,2026-07-01
LK-P0900,Catalogue Item 0900,each,Personal Care,2026-07-01
LK-P0901,Catalogue Item 0901,kg,Fresh Food,2026-02-14
LK-P0902,Catalogue Item 0902,l,Cleaning,2026-07-01
LK-P0903,Catalogue Item 0903,each,Dairy & Eggs,2026-07-01
LK-P0904,Catalogue Item 0904,g,Drinks,2026-07-01
LK-P0905,Catalogue Item 0905,each,Personal Care,2026-07-01
LK-P0906,Catalogue Item 0906,kg,Fresh Food,2026-07-01
LK-P0907,Catalogue Item 0907,l,Cleaning,2026-07-01
LK-P0908,Catalogue Item 0908,each,Dairy & Eggs,2026-07-01
LK-P0909,Catalogue Item 0909,g,Drinks,2026-07-01
LK-P0910,Catalogue Item 0910,each,Personal Care,2026-07-01
LK-P0911,Catalogue Item 0911,kg,Fresh Food,2026-02-14
LK-P0912,Catalogue Item 0912,l,Cleaning,2026-07-01
LK-P0913,Catalogue Item 0913,each,Dairy & Eggs,2026-07-01
LK-P0914,Catalogue Item 0914,g,Drinks,2026-07-01
LK-P0915,Catalogue Item 0915,each,Personal Care,2026-07-01
LK-P0916,Catalogue Item 0916,kg,Fresh Food,2026-07-01
LK-P0917,Catalogue Item 0917,l,Cleaning,2026-07-01
LK-P0918,Catalogue Item 0918,each,Dairy & Eggs,2026-07-01
LK-P0919,Catalogue Item 0919,g,Drinks,2026-07-01
LK-P0920,Catalogue Item 0920,each,Personal Care,2026-07-01
LK-P0921,Catalogue Item 0921,kg,Fresh Food,2026-02-14
LK-P0922,Catalogue Item 0922,l,Cleaning,2026-07-01
LK-P0923,Catalogue Item 0923,each,Dairy & Eggs,2026-07-01
LK-P0924,Catalogue Item 0924,g,Drinks,2026-07-01
LK-P0925,Catalogue Item 0925,each,Personal Care,2026-07-01
LK-P0926,Catalogue Item 0926,kg,Fresh Food,2026-07-01
LK-P0927,Catalogue Item 0927,l,Cleaning,2026-07-01
LK-P0928,Catalogue Item 0928,each,Dairy & Eggs,2026-07-01
LK-P0929,Catalogue Item 0929,g,Drinks,2026-07-01
LK-P0930,Catalogue Item 0930,each,Personal Care,2026-07-01
LK-P0931,Catalogue Item 0931,kg,Fresh Food,2026-02-14
LK-P0932,Catalogue Item 0932,l,Cleaning,2026-07-01
LK-P0933,Catalogue Item 0933,each,Dairy & Eggs,2026-07-01
LK-P0934,Catalogue Item 0934,g,Drinks,2026-07-01
LK-P0935,Catalogue Item 0935,each,Personal Care,2026-07-01
LK-P0936,Catalogue Item 0936,kg,Fresh Food,2026-07-01
LK-P0937,Catalogue Item 0937,l,Cleaning,2026-07-01
LK-P0938,Catalogue Item 0938,each,Dairy & Eggs,2026-07-01
LK-P0939,Catalogue Item 0939,g,Drinks,2026-07-01
LK-P0940,Catalogue Item 0940,each,Personal Care,2026-07-01
LK-P0941,Catalogue Item 0941,kg,Fresh Food,2026-02-14
LK-P0942,Catalogue Item 0942,l,Cleaning,2026-07-01
LK-P0943,Catalogue Item 0943,each,Dairy & Eggs,2026-07-01
LK-P0944,Catalogue Item 0944,g,Drinks,2026-07-01
LK-P0945,Catalogue Item 0945,each,Personal Care,2026-07-01
LK-P0946,Catalogue Item 0946,kg,Fresh Food,2026-07-01
LK-P0947,Catalogue Item 0947,l,Cleaning,2026-07-01
LK-P0948,Catalogue Item 0948,each,Dairy & Eggs,2026-07-01
LK-P0949,Catalogue Item 0949,g,Drinks,2026-07-01
LK-P0950,Catalogue Item 0950,each,Personal Care,2026-07-01
LK-P0951,Catalogue Item 0951,kg,Fresh Food,2026-02-14
LK-P0952,Catalogue Item 0952,l,Cleaning,2026-07-01
LK-P0953,Catalogue Item 0953,each,Dairy & Eggs,2026-07-01
LK-P0954,Catalogue Item 0954,g,Drinks,2026-07-01
LK-P0955,Catalogue Item 0955,each,Personal Care,2026-07-01
LK-P0956,Catalogue Item 0956,kg,Fresh Food,2026-07-01
LK-P0957,Catalogue Item 0957,l,Cleaning,2026-07-01
LK-P0958,Catalogue Item 0958,each,Dairy & Eggs,2026-07-01
LK-P0959,Catalogue Item 0959,g,Drinks,2026-07-01
LK-P0960,Catalogue Item 0960,each,Personal Care,2026-07-01
LK-P0961,Catalogue Item 0961,kg,Fresh Food,2026-02-14
LK-P0962,Catalogue Item 0962,l,Cleaning,2026-07-01
LK-P0963,Catalogue Item 0963,each,Dairy & Eggs,2026-07-01
LK-P0964,Catalogue Item 0964,g,Drinks,2026-07-01
LK-P0965,Catalogue Item 0965,each,Personal Care,2026-07-01
LK-P0966,Catalogue Item 0966,kg,Fresh Food,2026-07-01
LK-P0967,Catalogue Item 0967,l,Cleaning,2026-07-01
LK-P0968,Catalogue Item 0968,each,Dairy & Eggs,2026-07-01
LK-P0969,Catalogue Item 0969,g,Drinks,2026-07-01
LK-P0970,Catalogue Item 0970,each,Personal Care,2026-07-01
LK-P0971,Catalogue Item 0971,kg,Fresh Food,2026-02-14
LK-P0972,Catalogue Item 0972,l,Cleaning,2026-07-01
LK-P0973,Catalogue Item 0973,each,Dairy & Eggs,2026-07-01
LK-P0974,Catalogue Item 0974,g,Drinks,2026-07-01
LK-P0975,Catalogue Item 0975,each,Personal Care,2026-07-01
LK-P0976,Catalogue Item 0976,kg,Fresh Food,2026-07-01
LK-P0977,Catalogue Item 0977,l,Cleaning,2026-07-01
LK-P0978,Catalogue Item 0978,each,Dairy & Eggs,2026-07-01
LK-P0979,Catalogue Item 0979,g,Drinks,2026-07-01
LK-P0980,Catalogue Item 0980,each,Personal Care,2026-07-01
LK-P0981,Catalogue Item 0981,kg,Fresh Food,2026-02-14
LK-P0982,Catalogue Item 0982,l,Cleaning,2026-07-01
LK-P0983,Catalogue Item 0983,each,Dairy & Eggs,2026-07-01
LK-P0984,Catalogue Item 0984,g,Drinks,2026-07-01
LK-P0985,Catalogue Item 0985,each,Personal Care,2026-07-01
LK-P0986,Catalogue Item 0986,kg,Fresh Food,2026-07-01
LK-P0987,Catalogue Item 0987,l,Cleaning,2026-07-01
LK-P0988,Catalogue Item 0988,each,Dairy & Eggs,2026-07-01
LK-P0989,Catalogue Item 0989,g,Drinks,2026-07-01
LK-P0990,Catalogue Item 0990,each,Personal Care,2026-07-01
LK-P0991,Catalogue Item 0991,kg,Fresh Food,2026-02-14
LK-P0992,Catalogue Item 0992,l,Cleaning,2026-07-01
LK-P0993,Catalogue Item 0993,each,Dairy & Eggs,2026-07-01
LK-P0994,Catalogue Item 0994,g,Drinks,2026-07-01
LK-P0995,Catalogue Item 0995,each,Personal Care,2026-07-01
LK-P0996,Catalogue Item 0996,kg,Fresh Food,2026-07-01
LK-P0997,Catalogue Item 0997,l,Cleaning,2026-07-01
LK-P0998,Catalogue Item 0998,each,Dairy & Eggs,2026-07-01
LK-P0999,Catalogue Item 0999,g,Drinks,2026-07-01
LK-P1000,Catalogue Item 1000,each,Personal Care,2026-07-01
LK-P1001,Catalogue Item 1001,kg,Fresh Food,2026-02-14
LK-P1002,Catalogue Item 1002,l,Cleaning,2026-07-01
LK-P1003,Catalogue Item 1003,each,Dairy & Eggs,2026-07-01
LK-P1004,Catalogue Item 1004,g,Drinks,2026-07-01
LK-P1005,Catalogue Item 1005,each,Personal Care,2026-07-01
LK-P1006,Catalogue Item 1006,kg,Fresh Food,2026-07-01
LK-P1007,Catalogue Item 1007,l,Cleaning,2026-07-01
LK-P1008,Catalogue Item 1008,each,Dairy & Eggs,2026-07-01
LK-P1009,Catalogue Item 1009,g,Drinks,2026-07-01
LK-P1010,Catalogue Item 1010,each,Personal Care,2026-07-01
LK-P1011,Catalogue Item 1011,kg,Fresh Food,2026-02-14
LK-P1012,Catalogue Item 1012,l,Cleaning,2026-07-01
LK-P1013,Catalogue Item 1013,each,Dairy & Eggs,2026-07-01
LK-P1014,Catalogue Item 1014,g,Drinks,2026-07-01
LK-P1015,Catalogue Item 1015,each,Personal Care,2026-07-01
LK-P1016,Catalogue Item 1016,kg,Fresh Food,2026-07-01
LK-P1017,Catalogue Item 1017,l,Cleaning,2026-07-01
LK-P1018,Catalogue Item 1018,each,Dairy & Eggs,2026-07-01
LK-P1019,Catalogue Item 1019,g,Drinks,2026-07-01
LK-P1020,Catalogue Item 1020,each,Personal Care,2026-07-01
LK-P1021,Catalogue Item 1021,kg,Fresh Food,2026-02-14
LK-P1022,Catalogue Item 1022,l,Cleaning,2026-07-01
LK-P1023,Catalogue Item 1023,each,Dairy & Eggs,2026-07-01
LK-P1024,Catalogue Item 1024,g,Drinks,2026-07-01
LK-P1025,Catalogue Item 1025,each,Personal Care,2026-07-01
LK-P1026,Catalogue Item 1026,kg,Fresh Food,2026-07-01
LK-P1027,Catalogue Item 1027,l,Cleaning,2026-07-01
LK-P1028,Catalogue Item 1028,each,Dairy & Eggs,2026-07-01
LK-P1029,Catalogue Item 1029,g,Drinks,2026-07-01
LK-P1030,Catalogue Item 1030,each,Personal Care,2026-07-01
LK-P1031,Catalogue Item 1031,kg,Fresh Food,2026-02-14
LK-P1032,Catalogue Item 1032,l,Cleaning,2026-07-01
LK-P1033,Catalogue Item 1033,each,Dairy & Eggs,2026-07-01
LK-P1034,Catalogue Item 1034,g,Drinks,2026-07-01
LK-P1035,Catalogue Item 1035,each,Personal Care,2026-07-01
LK-P1036,Catalogue Item 1036,kg,Fresh Food,2026-07-01
LK-P1037,Catalogue Item 1037,l,Cleaning,2026-07-01
LK-P1038,Catalogue Item 1038,each,Dairy & Eggs,2026-07-01
LK-P1039,Catalogue Item 1039,g,Drinks,2026-07-01
LK-P1040,Catalogue Item 1040,each,Personal Care,2026-07-01
LK-P1041,Catalogue Item 1041,kg,Fresh Food,2026-02-14
LK-P1042,Catalogue Item 1042,l,Cleaning,2026-07-01
LK-P1043,Catalogue Item 1043,each,Dairy & Eggs,2026-07-01
LK-P1044,Catalogue Item 1044,g,Drinks,2026-07-01
LK-P1045,Catalogue Item 1045,each,Personal Care,2026-07-01
LK-P1046,Catalogue Item 1046,kg,Fresh Food,2026-07-01
LK-P1047,Catalogue Item 1047,l,Cleaning,2026-07-01
LK-P1048,Catalogue Item 1048,each,Dairy & Eggs,2026-07-01
LK-P1049,Catalogue Item 1049,g,Drinks,2026-07-01
LK-P1050,Catalogue Item 1050,each,Personal Care,2026-07-01
LK-P1051,Catalogue Item 1051,kg,Fresh Food,2026-02-14
LK-P1052,Catalogue Item 1052,l,Cleaning,2026-07-01
LK-P1053,Catalogue Item 1053,each,Dairy & Eggs,2026-07-01
LK-P1054,Catalogue Item 1054,g,Drinks,2026-07-01
LK-P1055,Catalogue Item 1055,each,Personal Care,2026-07-01
LK-P1056,Catalogue Item 1056,kg,Fresh Food,2026-07-01
LK-P1057,Catalogue Item 1057,l,Cleaning,2026-07-01
LK-P1058,Catalogue Item 1058,each,Dairy & Eggs,2026-07-01
LK-P1059,Catalogue Item 1059,g,Drinks,2026-07-01
LK-P1060,Catalogue Item 1060,each,Personal Care,2026-07-01
LK-P1061,Catalogue Item 1061,kg,Fresh Food,2026-02-14
LK-P1062,Catalogue Item 1062,l,Cleaning,2026-07-01
LK-P1063,Catalogue Item 1063,each,Dairy & Eggs,2026-07-01
LK-P1064,Catalogue Item 1064,g,Drinks,2026-07-01
LK-P1065,Catalogue Item 1065,each,Personal Care,2026-07-01
LK-P1066,Catalogue Item 1066,kg,Fresh Food,2026-07-01
LK-P1067,Catalogue Item 1067,l,Cleaning,2026-07-01
LK-P1068,Catalogue Item 1068,each,Dairy & Eggs,2026-07-01
LK-P1069,Catalogue Item 1069,g,Drinks,2026-07-01
LK-P1070,Catalogue Item 1070,each,Personal Care,2026-07-01
LK-P1071,Catalogue Item 1071,kg,Fresh Food,2026-02-14
LK-P1072,Catalogue Item 1072,l,Cleaning,2026-07-01
LK-P1073,Catalogue Item 1073,each,Dairy & Eggs,2026-07-01
LK-P1074,Catalogue Item 1074,g,Drinks,2026-07-01
LK-P1075,Catalogue Item 1075,each,Personal Care,2026-07-01
LK-P1076,Catalogue Item 1076,kg,Fresh Food,2026-07-01
LK-P1077,Catalogue Item 1077,l,Cleaning,2026-07-01
LK-P1078,Catalogue Item 1078,each,Dairy & Eggs,2026-07-01
LK-P1079,Catalogue Item 1079,g,Drinks,2026-07-01
LK-P1080,Catalogue Item 1080,each,Personal Care,2026-07-01
