employee_id,name,salary_ugx,bank_account,national_id,health_note,next_of_kin_phone
LK-E001,Sample Staff 001,650000,FAKE-ACCT-001,FAKE-NIN-001,SIMULATED medical leave note,FAKE-KIN-001
LK-E002,Sample Staff 002,681000,FAKE-ACCT-002,FAKE-NIN-002,SIMULATED medical leave note,FAKE-KIN-002
LK-E003,Sample Staff 003,712000,FAKE-ACCT-003,FAKE-NIN-003,SIMULATED medical leave note,FAKE-KIN-003
LK-E004,Sample Staff 004,743000,FAKE-ACCT-004,FAKE-NIN-004,SIMULATED medical leave note,FAKE-KIN-004
LK-E005,Sample Staff 005,774000,FAKE-ACCT-005,FAKE-NIN-005,SIMULATED medical leave note,FAKE-KIN-005
LK-E006,Sample Staff 006,805000,FAKE-ACCT-006,FAKE-NIN-006,SIMULATED medical leave note,FAKE-KIN-006
LK-E007,Sample Staff 007,836000,FAKE-ACCT-007,FAKE-NIN-007,SIMULATED medical leave note,FAKE-KIN-007
LK-E008,Sample Staff 008,867000,FAKE-ACCT-008,FAKE-NIN-008,SIMULATED medical leave note,FAKE-KIN-008
LK-E009,Sample Staff 009,898000,FAKE-ACCT-009,FAKE-NIN-009,SIMULATED medical leave note,FAKE-KIN-009
LK-E010,Sample Staff 010,929000,FAKE-ACCT-010,FAKE-NIN-010,SIMULATED medical leave note,FAKE-KIN-010
LK-E011,Sample Staff 011,960000,FAKE-ACCT-011,FAKE-NIN-011,SIMULATED medical leave note,FAKE-KIN-011
LK-E012,Sample Staff 012,991000,FAKE-ACCT-012,FAKE-NIN-012,SIMULATED medical leave note,FAKE-KIN-012
LK-E013,Sample Staff 013,1022000,FAKE-ACCT-013,FAKE-NIN-013,SIMULATED medical leave note,FAKE-KIN-013
LK-E014,Sample Staff 014,1053000,FAKE-ACCT-014,FAKE-NIN-014,SIMULATED medical leave note,FAKE-KIN-014
LK-E015,Sample Staff 015,1084000,FAKE-ACCT-015,FAKE-NIN-015,SIMULATED medical leave note,FAKE-KIN-015
LK-E016,Sample Staff 016,1115000,FAKE-ACCT-016,FAKE-NIN-016,SIMULATED medical leave note,FAKE-KIN-016
LK-E017,Sample Staff 017,1146000,FAKE-ACCT-017,FAKE-NIN-017,SIMULATED medical leave note,FAKE-KIN-017
LK-E018,Sample Staff 018,1177000,FAKE-ACCT-018,FAKE-NIN-018,SIMULATED medical leave note,FAKE-KIN-018
LK-E019,Sample Staff 019,1208000,FAKE-ACCT-019,FAKE-NIN-019,SIMULATED medical leave note,FAKE-KIN-019
LK-E020,Sample Staff 020,1239000,FAKE-ACCT-020,FAKE-NIN-020,SIMULATED medical leave note,FAKE-KIN-020
LK-E021,Sample Staff 021,1270000,FAKE-ACCT-021,FAKE-NIN-021,SIMULATED medical leave note,FAKE-KIN-021
LK-E022,Sample Staff 022,1301000,FAKE-ACCT-022,FAKE-NIN-022,SIMULATED medical leave note,FAKE-KIN-022
LK-E023,Sample Staff 023,1332000,FAKE-ACCT-023,FAKE-NIN-023,SIMULATED medical leave note,FAKE-KIN-023
LK-E024,Sample Staff 024,1363000,FAKE-ACCT-024,FAKE-NIN-024,SIMULATED medical leave note,FAKE-KIN-024
LK-E025,Sample Staff 025,1394000,FAKE-ACCT-025,FAKE-NIN-025,SIMULATED medical leave note,FAKE-KIN-025
LK-E026,Sample Staff 026,1425000,FAKE-ACCT-026,FAKE-NIN-026,SIMULATED medical leave note,FAKE-KIN-026
LK-E027,Sample Staff 027,1456000,FAKE-ACCT-027,FAKE-NIN-027,SIMULATED medical leave note,FAKE-KIN-027
LK-E028,Sample Staff 028,1487000,FAKE-ACCT-028,FAKE-NIN-028,SIMULATED medical leave note,FAKE-KIN-028
LK-E029,Sample Staff 029,1518000,FAKE-ACCT-029,FAKE-NIN-029,SIMULATED medical leave note,FAKE-KIN-029
LK-E030,Sample Staff 030,1549000,FAKE-ACCT-030,FAKE-NIN-030,SIMULATED medical leave note,FAKE-KIN-030
LK-E031,Sample Staff 031,1580000,FAKE-ACCT-031,FAKE-NIN-031,SIMULATED medical leave note,FAKE-KIN-031
LK-E032,Sample Staff 032,1611000,FAKE-ACCT-032,FAKE-NIN-032,SIMULATED medical leave note,FAKE-KIN-032
LK-E033,Sample Staff 033,1642000,FAKE-ACCT-033,FAKE-NIN-033,SIMULATED medical leave note,FAKE-KIN-033
LK-E034,Sample Staff 034,1673000,FAKE-ACCT-034,FAKE-NIN-034,SIMULATED medical leave note,FAKE-KIN-034
LK-E035,Sample Staff 035,1704000,FAKE-ACCT-035,FAKE-NIN-035,SIMULATED medical leave note,FAKE-KIN-035
LK-E036,Sample Staff 036,1735000,FAKE-ACCT-036,FAKE-NIN-036,SIMULATED medical leave note,FAKE-KIN-036
LK-E037,Sample Staff 037,1766000,FAKE-ACCT-037,FAKE-NIN-037,SIMULATED medical leave note,FAKE-KIN-037
LK-E038,Sample Staff 038,1797000,FAKE-ACCT-038,FAKE-NIN-038,SIMULATED medical leave note,FAKE-KIN-038
LK-E039,Sample Staff 039,1828000,FAKE-ACCT-039,FAKE-NIN-039,SIMULATED medical leave note,FAKE-KIN-039
LK-E040,Sample Staff 040,1859000,FAKE-ACCT-040,FAKE-NIN-040,SIMULATED medical leave note,FAKE-KIN-040
LK-E041,Sample Staff 041,1890000,FAKE-ACCT-041,FAKE-NIN-041,SIMULATED medical leave note,FAKE-KIN-041
LK-E042,Sample Staff 042,1921000,FAKE-ACCT-042,FAKE-NIN-042,SIMULATED medical leave note,FAKE-KIN-042
LK-E043,Sample Staff 043,1952000,FAKE-ACCT-043,FAKE-NIN-043,SIMULATED medical leave note,FAKE-KIN-043
LK-E044,Sample Staff 044,1983000,FAKE-ACCT-044,FAKE-NIN-044,SIMULATED medical leave note,FAKE-KIN-044
LK-E045,Sample Staff 045,2014000,FAKE-ACCT-045,FAKE-NIN-045,SIMULATED medical leave note,FAKE-KIN-045
LK-E046,Sample Staff 046,2045000,FAKE-ACCT-046,FAKE-NIN-046,SIMULATED medical leave note,FAKE-KIN-046
LK-E047,Sample Staff 047,2076000,FAKE-ACCT-047,FAKE-NIN-047,SIMULATED medical leave note,FAKE-KIN-047
LK-E048,Sample Staff 048,2107000,FAKE-ACCT-048,FAKE-NIN-048,SIMULATED medical leave note,FAKE-KIN-048
LK-E049,Sample Staff 049,2138000,FAKE-ACCT-049,FAKE-NIN-049,SIMULATED medical leave note,FAKE-KIN-049
LK-E050,Sample Staff 050,2169000,FAKE-ACCT-050,FAKE-NIN-050,SIMULATED medical leave note,FAKE-KIN-050
LK-E051,Sample Staff 051,2200000,FAKE-ACCT-051,FAKE-NIN-051,SIMULATED medical leave note,FAKE-KIN-051
LK-E052,Sample Staff 052,2231000,FAKE-ACCT-052,FAKE-NIN-052,SIMULATED medical leave note,FAKE-KIN-052
