store_id,name,district
LK-S01,Ntinda Branch,Kampala
LK-S02,Kansanga Branch,Kampala
LK-S03,Wandegeya Branch,Kampala
LK-S04,Nakawa Branch,Kampala
LK-S05,Kireka Branch,Kampala
LK-S06,Bukoto Branch,Kampala
LK-S07,Kabalagala Branch,Kampala
LK-S08,Nateete Branch,Kampala
LK-S09,Kawempe Branch,Kampala
LK-S10,Main Street Branch,Jinja
LK-S11,Walukuba Branch,Jinja
LK-S12,Bugembe Branch,Jinja
LK-S13,Mpumudde Branch,Jinja
LK-S14,Masese Branch,Jinja
LK-S15,High Street Branch,Mbarara
LK-S16,Kakoba Branch,Mbarara
LK-S17,Ruharo Branch,Mbarara
LK-S18,Nyamitanga Branch,Mbarara
LK-S19,Kamukuzi Branch,Mbarara
LK-S20,Layibi Branch,Gulu
LK-S21,Pece Branch,Gulu
LK-S22,Bardege Branch,Gulu
LK-S23,Laroo Branch,Gulu
