supplier_id,name,email,country
LK-V001,Sample Vendor 001,vendor.lk1@example.invalid,Uganda
LK-V002,Sample Vendor 002,vendor.lk2@example.invalid,Uganda
LK-V003,Sample Vendor 003,vendor.lk3@example.invalid,Kenya
LK-V004,Sample Vendor 004,vendor.lk4@example.invalid,Uganda
LK-V005,Sample Vendor 005,vendor.lk5@example.invalid,Tanzania
LK-V006,Sample Vendor 006,vendor.lk6@example.invalid,Uganda
LK-V007,Sample Vendor 007,vendor.lk7@example.invalid,Uganda
LK-V008,Sample Vendor 008,vendor.lk8@example.invalid,Kenya
LK-V009,Sample Vendor 009,vendor.lk9@example.invalid,Uganda
LK-V010,Sample Vendor 010,vendor.lk10@example.invalid,Tanzania
LK-V011,Sample Vendor 011,vendor.lk11@example.invalid,Uganda
LK-V012,Sample Vendor 012,vendor.lk12@example.invalid,Uganda
LK-V013,Sample Vendor 013,vendor.lk13@example.invalid,Kenya
LK-V014,Sample Vendor 014,vendor.lk14@example.invalid,Uganda
LK-V015,Sample Vendor 015,vendor.lk15@example.invalid,Tanzania
LK-V016,Sample Vendor 016,vendor.lk16@example.invalid,Uganda
LK-V017,Sample Vendor 017,vendor.lk17@example.invalid,Uganda
LK-V018,Sample Vendor 018,vendor.lk18@example.invalid,Kenya
LK-V019,Sample Vendor 019,vendor.lk19@example.invalid,Uganda
LK-V020,Sample Vendor 020,vendor.lk20@example.invalid,Tanzania
LK-V021,Sample Vendor 021,vendor.lk21@example.invalid,Uganda
LK-V022,Sample Vendor 022,vendor.lk22@example.invalid,Uganda
LK-V023,Sample Vendor 023,vendor.lk23@example.invalid,Kenya
LK-V024,Sample Vendor 024,vendor.lk24@example.invalid,Uganda
LK-V025,Sample Vendor 025,vendor.lk25@example.invalid,Tanzania
LK-V026,Sample Vendor 026,vendor.lk26@example.invalid,Uganda
LK-V027,Sample Vendor 027,vendor.lk27@example.invalid,Uganda
LK-V028,Sample Vendor 028,vendor.lk28@example.invalid,Kenya
LK-V029,Sample Vendor 029,vendor.lk29@example.invalid,Uganda
LK-V030,Sample Vendor 030,vendor.lk30@example.invalid,Tanzania
LK-V031,Sample Vendor 031,vendor.lk31@example.invalid,Uganda
LK-V032,Sample Vendor 032,vendor.lk32@example.invalid,Uganda
LK-V033,Sample Vendor 033,vendor.lk33@example.invalid,Kenya
LK-V034,Sample Vendor 034,vendor.lk34@example.invalid,Uganda
LK-V035,Sample Vendor 035,vendor.lk35@example.invalid,Tanzania
LK-V036,Sample Vendor 036,vendor.lk36@example.invalid,Uganda
LK-V037,Sample Vendor 037,vendor.lk37@example.invalid,Uganda
LK-V038,Sample Vendor 038,vendor.lk38@example.invalid,Kenya
LK-V039,Sample Vendor 039,vendor.lk39@example.invalid,Uganda
LK-V040,Sample Vendor 040,vendor.lk40@example.invalid,Tanzania
LK-V041,Sample Vendor 041,vendor.lk41@example.invalid,Uganda
LK-V042,Sample Vendor 042,vendor.lk42@example.invalid,Uganda
LK-V043,Sample Vendor 043,vendor.lk43@example.invalid,Kenya
LK-V044,Sample Vendor 044,vendor.lk44@example.invalid,Uganda
LK-V045,Sample Vendor 045,vendor.lk45@example.invalid,Tanzania
LK-V046,Sample Vendor 046,vendor.lk46@example.invalid,Uganda
LK-V047,Sample Vendor 047,vendor.lk47@example.invalid,Uganda
LK-V048,Sample Vendor 048,vendor.lk48@example.invalid,Kenya
LK-V049,Sample Vendor 049,vendor.lk49@example.invalid,Uganda
LK-V050,Sample Vendor 050,vendor.lk50@example.invalid,Tanzania
LK-V051,Sample Vendor 051,vendor.lk51@example.invalid,Uganda
LK-V052,Sample Vendor 052,vendor.lk52@example.invalid,Uganda
LK-V053,Sample Vendor 053,vendor.lk53@example.invalid,Kenya
LK-V054,Sample Vendor 054,vendor.lk54@example.invalid,Uganda
LK-V055,Sample Vendor 055,vendor.lk55@example.invalid,Tanzania
LK-V056,Sample Vendor 056,vendor.lk56@example.invalid,Uganda
LK-V057,Sample Vendor 057,vendor.lk57@example.invalid,Uganda
LK-V058,Sample Vendor 058,vendor.lk58@example.invalid,Kenya
LK-V059,Sample Vendor 059,vendor.lk59@example.invalid,Uganda
LK-V060,Sample Vendor 060,vendor.lk60@example.invalid,Tanzania
LK-V061,Sample Vendor 061,vendor.lk61@example.invalid,Uganda
LK-V062,Sample Vendor 062,vendor.lk62@example.invalid,Uganda
LK-V063,Sample Vendor 063,vendor.lk63@example.invalid,Kenya
LK-V064,Sample Vendor 064,vendor.lk64@example.invalid,Uganda
LK-V065,Sample Vendor 065,vendor.lk65@example.invalid,Tanzania
LK-V066,Sample Vendor 066,vendor.lk66@example.invalid,Uganda
LK-V067,Sample Vendor 067,vendor.lk67@example.invalid,Uganda
LK-V068,Sample Vendor 068,vendor.lk68@example.invalid,Kenya
LK-V069,Sample Vendor 069,vendor.lk69@example.invalid,Uganda
LK-V070,Sample Vendor 070,vendor.lk70@example.invalid,Tanzania
LK-V071,Sample Vendor 071,vendor.lk71@example.invalid,Uganda
LK-V072,Sample Vendor 072,vendor.lk72@example.invalid,Uganda
LK-V073,Sample Vendor 073,vendor.lk73@example.invalid,Kenya
LK-V074,Sample Vendor 074,vendor.lk74@example.invalid,Uganda
LK-V075,Sample Vendor 075,vendor.lk75@example.invalid,Tanzania
LK-V076,Sample Vendor 076,vendor.lk76@example.invalid,Uganda
LK-V077,Sample Vendor 077,vendor.lk77@example.invalid,Uganda
LK-V078,Sample Vendor 078,vendor.lk78@example.invalid,Kenya
LK-V079,Sample Vendor 079,vendor.lk79@example.invalid,Uganda
LK-V080,Sample Vendor 080,vendor.lk80@example.invalid,Tanzania
LK-V081,Sample Vendor 081,vendor.lk81@example.invalid,Uganda
LK-V082,Sample Vendor 082,vendor.lk82@example.invalid,Uganda
LK-V083,Sample Vendor 083,vendor.lk83@example.invalid,Kenya
LK-V084,Sample Vendor 084,vendor.lk84@example.invalid,Uganda
LK-V085,Sample Vendor 085,vendor.lk85@example.invalid,Tanzania
