customer_id,field,source
LK-C02458,phone,SIMULATED verified_contact_updates.csv
LK-C02458,email,SIMULATED verified_contact_updates.csv
LK-C02809,phone,SIMULATED verified_contact_updates.csv
LK-C02809,email,SIMULATED verified_contact_updates.csv
LK-C03147,phone,SIMULATED verified_contact_updates.csv
LK-C03147,email,SIMULATED verified_contact_updates.csv
LK-C03719,phone,SIMULATED verified_contact_updates.csv
LK-C03719,email,SIMULATED verified_contact_updates.csv
LK-C02174,district,SIMULATED verified_contact_updates.csv
LK-C00683,email,SIMULATED verified_contact_updates.csv
LK-C01249,phone,SIMULATED verified_contact_updates.csv
LK-C01249,email,SIMULATED verified_contact_updates.csv
LK-C00690,phone,SIMULATED verified_contact_updates.csv
LK-C00690,email,SIMULATED verified_contact_updates.csv
LK-C03070,email,SIMULATED verified_contact_updates.csv
LK-C00075,district,SIMULATED verified_contact_updates.csv
LK-C00053,phone,SIMULATED verified_contact_updates.csv
LK-C00053,email,SIMULATED verified_contact_updates.csv
LK-C02512,email,SIMULATED verified_contact_updates.csv
LK-C00521,phone,SIMULATED verified_contact_updates.csv
LK-C00521,email,SIMULATED verified_contact_updates.csv
LK-C00030,phone,SIMULATED verified_contact_updates.csv
LK-C00280,email,SIMULATED verified_contact_updates.csv
LK-C00452,district,SIMULATED verified_contact_updates.csv
LK-C03783,email,SIMULATED verified_contact_updates.csv
LK-C02977,email,SIMULATED verified_contact_updates.csv
LK-C02679,phone,SIMULATED verified_contact_updates.csv
LK-C02679,email,SIMULATED verified_contact_updates.csv
LK-C03655,phone,SIMULATED verified_contact_updates.csv
LK-C02328,phone,SIMULATED verified_contact_updates.csv
LK-C02328,email,SIMULATED verified_contact_updates.csv
LK-C00742,phone,SIMULATED verified_contact_updates.csv
LK-C00742,email,SIMULATED verified_contact_updates.csv
LK-C03075,phone,SIMULATED verified_contact_updates.csv
LK-C02289,phone,SIMULATED verified_contact_updates.csv
LK-C02289,email,SIMULATED verified_contact_updates.csv
LK-C02258,district,SIMULATED verified_contact_updates.csv
LK-C02705,phone,SIMULATED verified_contact_updates.csv
LK-C02705,email,SIMULATED verified_contact_updates.csv
LK-C02419,phone,SIMULATED verified_contact_updates.csv
LK-C02419,email,SIMULATED verified_contact_updates.csv
LK-C01654,phone,SIMULATED verified_contact_updates.csv
LK-C02068,phone,SIMULATED verified_contact_updates.csv
LK-C02068,email,SIMULATED verified_contact_updates.csv
LK-C00373,email,SIMULATED verified_contact_updates.csv
LK-C02107,phone,SIMULATED verified_contact_updates.csv
LK-C02107,email,SIMULATED verified_contact_updates.csv
LK-C00697,phone,SIMULATED verified_contact_updates.csv
LK-C00391,phone,SIMULATED verified_contact_updates.csv
LK-C00391,email,SIMULATED verified_contact_updates.csv
LK-C02205,phone,SIMULATED verified_contact_updates.csv
LK-C03498,phone,SIMULATED verified_contact_updates.csv
LK-C03498,email,SIMULATED verified_contact_updates.csv
LK-C03407,phone,SIMULATED verified_contact_updates.csv
LK-C03407,email,SIMULATED verified_contact_updates.csv
LK-C01333,district,SIMULATED verified_contact_updates.csv
LK-C02445,phone,SIMULATED verified_contact_updates.csv
LK-C02445,email,SIMULATED verified_contact_updates.csv
LK-C01887,district,SIMULATED verified_contact_updates.csv
LK-C03706,phone,SIMULATED verified_contact_updates.csv
LK-C03706,email,SIMULATED verified_contact_updates.csv
LK-C03212,phone,SIMULATED verified_contact_updates.csv
LK-C03212,email,SIMULATED verified_contact_updates.csv
LK-C02581,name,SIMULATED verified_contact_updates.csv
LK-C00186,district,SIMULATED verified_contact_updates.csv
LK-C01506,name,SIMULATED verified_contact_updates.csv
LK-C01805,district,SIMULATED verified_contact_updates.csv
LK-C00559,email,SIMULATED verified_contact_updates.csv
LK-C02946,email,SIMULATED verified_contact_updates.csv
LK-C02055,phone,SIMULATED verified_contact_updates.csv
LK-C02055,email,SIMULATED verified_contact_updates.csv
LK-C03823,phone,SIMULATED verified_contact_updates.csv
LK-C03823,email,SIMULATED verified_contact_updates.csv
LK-C03423,phone,SIMULATED verified_contact_updates.csv
LK-C01236,phone,SIMULATED verified_contact_updates.csv
LK-C01236,email,SIMULATED verified_contact_updates.csv
LK-C00519,district,SIMULATED verified_contact_updates.csv
LK-C01045,phone,SIMULATED verified_contact_updates.csv
LK-C01795,phone,SIMULATED verified_contact_updates.csv
LK-C01795,email,SIMULATED verified_contact_updates.csv
LK-C02884,email,SIMULATED verified_contact_updates.csv
LK-C00320,phone,SIMULATED verified_contact_updates.csv
LK-C02912,district,SIMULATED verified_contact_updates.csv
LK-C01108,district,SIMULATED verified_contact_updates.csv
LK-C02171,email,SIMULATED verified_contact_updates.csv
LK-C02692,phone,SIMULATED verified_contact_updates.csv
LK-C02692,email,SIMULATED verified_contact_updates.csv
LK-C01807,name,SIMULATED verified_contact_updates.csv
LK-C00445,district,SIMULATED verified_contact_updates.csv
LK-C01117,email,SIMULATED verified_contact_updates.csv
LK-C02497,phone,SIMULATED verified_contact_updates.csv
LK-C02497,email,SIMULATED verified_contact_updates.csv
LK-C01782,phone,SIMULATED verified_contact_updates.csv
LK-C01782,email,SIMULATED verified_contact_updates.csv
LK-C00976,phone,SIMULATED verified_contact_updates.csv
LK-C00976,email,SIMULATED verified_contact_updates.csv
LK-C02234,phone,SIMULATED verified_contact_updates.csv
LK-C03381,phone,SIMULATED verified_contact_updates.csv
LK-C03381,email,SIMULATED verified_contact_updates.csv
LK-C01418,phone,SIMULATED verified_contact_updates.csv
LK-C01418,email,SIMULATED verified_contact_updates.csv
LK-C01340,phone,SIMULATED verified_contact_updates.csv
LK-C01340,email,SIMULATED verified_contact_updates.csv
LK-C03294,district,SIMULATED verified_contact_updates.csv
LK-C00621,email,SIMULATED verified_contact_updates.csv
LK-C01301,phone,SIMULATED verified_contact_updates.csv
LK-C01301,email,SIMULATED verified_contact_updates.csv
LK-C01335,phone,SIMULATED verified_contact_updates.csv
LK-C03194,email,SIMULATED verified_contact_updates.csv
LK-C03940,phone,SIMULATED verified_contact_updates.csv
LK-C03940,email,SIMULATED verified_contact_updates.csv
LK-C02822,phone,SIMULATED verified_contact_updates.csv
LK-C02822,email,SIMULATED verified_contact_updates.csv
LK-C03953,phone,SIMULATED verified_contact_updates.csv
LK-C03953,email,SIMULATED verified_contact_updates.csv
LK-C03659,email,SIMULATED verified_contact_updates.csv
LK-C02147,phone,SIMULATED verified_contact_updates.csv
LK-C02147,district,SIMULATED verified_contact_updates.csv
LK-C03072,district,SIMULATED verified_contact_updates.csv
LK-C00365,phone,SIMULATED verified_contact_updates.csv
LK-C00365,email,SIMULATED verified_contact_updates.csv
LK-C03140,name,SIMULATED verified_contact_updates.csv
LK-C00407,phone,SIMULATED verified_contact_updates.csv
LK-C01055,email,SIMULATED verified_contact_updates.csv
LK-C01067,phone,SIMULATED verified_contact_updates.csv
LK-C01067,email,SIMULATED verified_contact_updates.csv
LK-C01067,district,SIMULATED verified_contact_updates.csv
LK-C03056,phone,SIMULATED verified_contact_updates.csv
LK-C03056,email,SIMULATED verified_contact_updates.csv
LK-C00223,district,SIMULATED verified_contact_updates.csv
LK-C01103,phone,SIMULATED verified_contact_updates.csv
LK-C01938,phone,SIMULATED verified_contact_updates.csv
LK-C01938,email,SIMULATED verified_contact_updates.csv
LK-C01925,phone,SIMULATED verified_contact_updates.csv
LK-C01925,email,SIMULATED verified_contact_updates.csv
LK-C01925,district,SIMULATED verified_contact_updates.csv
LK-C01764,name,SIMULATED verified_contact_updates.csv
LK-C01764,district,SIMULATED verified_contact_updates.csv
LK-C01222,district,SIMULATED verified_contact_updates.csv
LK-C01489,email,SIMULATED verified_contact_updates.csv
LK-C03785,name,SIMULATED verified_contact_updates.csv
LK-C03191,phone,SIMULATED verified_contact_updates.csv
LK-C00741,district,SIMULATED verified_contact_updates.csv
LK-C03173,phone,SIMULATED verified_contact_updates.csv
LK-C03173,email,SIMULATED verified_contact_updates.csv
LK-C00038,district,SIMULATED verified_contact_updates.csv
LK-C01431,phone,SIMULATED verified_contact_updates.csv
LK-C01431,email,SIMULATED verified_contact_updates.csv
LK-C01973,phone,SIMULATED verified_contact_updates.csv
LK-C01420,name,SIMULATED verified_contact_updates.csv
LK-C00466,email,SIMULATED verified_contact_updates.csv
LK-C02466,phone,SIMULATED verified_contact_updates.csv
LK-C02321,phone,SIMULATED verified_contact_updates.csv
LK-C01248,name,SIMULATED verified_contact_updates.csv
LK-C01248,phone,SIMULATED verified_contact_updates.csv
LK-C00931,email,SIMULATED verified_contact_updates.csv
LK-C01436,district,SIMULATED verified_contact_updates.csv
LK-C03589,phone,SIMULATED verified_contact_updates.csv
LK-C03589,email,SIMULATED verified_contact_updates.csv
LK-C00388,name,SIMULATED verified_contact_updates.csv
LK-C02830,district,SIMULATED verified_contact_updates.csv
LK-C03845,email,SIMULATED verified_contact_updates.csv
LK-C01683,phone,SIMULATED verified_contact_updates.csv
LK-C03316,phone,SIMULATED verified_contact_updates.csv
LK-C03316,email,SIMULATED verified_contact_updates.csv
LK-C01639,phone,SIMULATED verified_contact_updates.csv
LK-C01639,email,SIMULATED verified_contact_updates.csv
LK-C02796,name,SIMULATED verified_contact_updates.csv
LK-C02796,phone,SIMULATED verified_contact_updates.csv
LK-C02796,email,SIMULATED verified_contact_updates.csv
LK-C00469,phone,SIMULATED verified_contact_updates.csv
LK-C00469,email,SIMULATED verified_contact_updates.csv
LK-C01405,phone,SIMULATED verified_contact_updates.csv
LK-C01405,email,SIMULATED verified_contact_updates.csv
LK-C02978,phone,SIMULATED verified_contact_updates.csv
LK-C02978,email,SIMULATED verified_contact_updates.csv
LK-C04019,district,SIMULATED verified_contact_updates.csv
LK-C01969,district,SIMULATED verified_contact_updates.csv
LK-C01024,email,SIMULATED verified_contact_updates.csv
LK-C01538,phone,SIMULATED verified_contact_updates.csv
LK-C01712,phone,SIMULATED verified_contact_updates.csv
LK-C03609,district,SIMULATED verified_contact_updates.csv
LK-C00726,phone,SIMULATED verified_contact_updates.csv
LK-C02543,email,SIMULATED verified_contact_updates.csv
LK-C02543,district,SIMULATED verified_contact_updates.csv
LK-C03667,phone,SIMULATED verified_contact_updates.csv
LK-C03667,email,SIMULATED verified_contact_updates.csv
LK-C00898,phone,SIMULATED verified_contact_updates.csv
LK-C00898,email,SIMULATED verified_contact_updates.csv
LK-C02887,phone,SIMULATED verified_contact_updates.csv
LK-C02887,email,SIMULATED verified_contact_updates.csv
LK-C02887,district,SIMULATED verified_contact_updates.csv
LK-C02502,district,SIMULATED verified_contact_updates.csv
LK-C00411,district,SIMULATED verified_contact_updates.csv
LK-C03101,email,SIMULATED verified_contact_updates.csv
LK-C02118,phone,SIMULATED verified_contact_updates.csv
LK-C01457,phone,SIMULATED verified_contact_updates.csv
LK-C01457,email,SIMULATED verified_contact_updates.csv
LK-C01379,phone,SIMULATED verified_contact_updates.csv
LK-C01379,email,SIMULATED verified_contact_updates.csv
LK-C01559,district,SIMULATED verified_contact_updates.csv
LK-C01288,phone,SIMULATED verified_contact_updates.csv
LK-C01288,email,SIMULATED verified_contact_updates.csv
LK-C01395,district,SIMULATED verified_contact_updates.csv
LK-C03721,email,SIMULATED verified_contact_updates.csv
LK-C01451,phone,SIMULATED verified_contact_updates.csv
LK-C00206,district,SIMULATED verified_contact_updates.csv
LK-C01834,phone,SIMULATED verified_contact_updates.csv
LK-C01834,email,SIMULATED verified_contact_updates.csv
LK-C02036,district,SIMULATED verified_contact_updates.csv
LK-C03566,email,SIMULATED verified_contact_updates.csv
LK-C00436,phone,SIMULATED verified_contact_updates.csv
LK-C03979,phone,SIMULATED verified_contact_updates.csv
LK-C03979,email,SIMULATED verified_contact_updates.csv
LK-C01899,phone,SIMULATED verified_contact_updates.csv
LK-C01899,email,SIMULATED verified_contact_updates.csv
LK-C02874,phone,SIMULATED verified_contact_updates.csv
LK-C02874,email,SIMULATED verified_contact_updates.csv
LK-C03752,email,SIMULATED verified_contact_updates.csv
LK-C02003,phone,SIMULATED verified_contact_updates.csv
LK-C02003,email,SIMULATED verified_contact_updates.csv
LK-C01185,district,SIMULATED verified_contact_updates.csv
LK-C02959,phone,SIMULATED verified_contact_updates.csv
LK-C00842,phone,SIMULATED verified_contact_updates.csv
LK-C00443,phone,SIMULATED verified_contact_updates.csv
LK-C00443,email,SIMULATED verified_contact_updates.csv
LK-C02256,district,SIMULATED verified_contact_updates.csv
LK-C03828,name,SIMULATED verified_contact_updates.csv
LK-C00259,name,SIMULATED verified_contact_updates.csv
LK-C03472,phone,SIMULATED verified_contact_updates.csv
LK-C03472,email,SIMULATED verified_contact_updates.csv
LK-C02625,district,SIMULATED verified_contact_updates.csv
LK-C03742,name,SIMULATED verified_contact_updates.csv
LK-C03742,phone,SIMULATED verified_contact_updates.csv
LK-C03307,phone,SIMULATED verified_contact_updates.csv
LK-C02872,phone,SIMULATED verified_contact_updates.csv
LK-C02968,name,SIMULATED verified_contact_updates.csv
LK-C00603,name,SIMULATED verified_contact_updates.csv
LK-C02549,phone,SIMULATED verified_contact_updates.csv
LK-C02549,email,SIMULATED verified_contact_updates.csv
LK-C00745,email,SIMULATED verified_contact_updates.csv
LK-C01444,phone,SIMULATED verified_contact_updates.csv
LK-C01444,email,SIMULATED verified_contact_updates.csv
LK-C01444,district,SIMULATED verified_contact_updates.csv
LK-C03576,phone,SIMULATED verified_contact_updates.csv
LK-C03576,email,SIMULATED verified_contact_updates.csv
LK-C00523,phone,SIMULATED verified_contact_updates.csv
LK-C00435,email,SIMULATED verified_contact_updates.csv
LK-C03699,name,SIMULATED verified_contact_updates.csv
LK-C01641,district,SIMULATED verified_contact_updates.csv
LK-C03441,name,SIMULATED verified_contact_updates.csv
LK-C00087,name,SIMULATED verified_contact_updates.csv
LK-C02176,phone,SIMULATED verified_contact_updates.csv
LK-C03162,phone,SIMULATED verified_contact_updates.csv
LK-C01262,phone,SIMULATED verified_contact_updates.csv
LK-C01262,email,SIMULATED verified_contact_updates.csv
LK-C00859,phone,SIMULATED verified_contact_updates.csv
LK-C00859,email,SIMULATED verified_contact_updates.csv
LK-C02913,phone,SIMULATED verified_contact_updates.csv
LK-C02913,email,SIMULATED verified_contact_updates.csv
LK-C02172,phone,SIMULATED verified_contact_updates.csv
LK-C02172,email,SIMULATED verified_contact_updates.csv
LK-C00664,phone,SIMULATED verified_contact_updates.csv
LK-C00664,email,SIMULATED verified_contact_updates.csv
LK-C02776,district,SIMULATED verified_contact_updates.csv
LK-C00334,district,SIMULATED verified_contact_updates.csv
LK-C02073,district,SIMULATED verified_contact_updates.csv
LK-C03479,district,SIMULATED verified_contact_updates.csv
LK-C00625,phone,SIMULATED verified_contact_updates.csv
LK-C00625,email,SIMULATED verified_contact_updates.csv
LK-C03628,phone,SIMULATED verified_contact_updates.csv
LK-C03628,email,SIMULATED verified_contact_updates.csv
LK-C03855,district,SIMULATED verified_contact_updates.csv
LK-C01422,phone,SIMULATED verified_contact_updates.csv
LK-C01777,district,SIMULATED verified_contact_updates.csv
LK-C03745,phone,SIMULATED verified_contact_updates.csv
LK-C03745,email,SIMULATED verified_contact_updates.csv
LK-C02369,district,SIMULATED verified_contact_updates.csv
LK-C01037,district,SIMULATED verified_contact_updates.csv
LK-C00768,phone,SIMULATED verified_contact_updates.csv
LK-C00768,email,SIMULATED verified_contact_updates.csv
LK-C02718,phone,SIMULATED verified_contact_updates.csv
LK-C02718,email,SIMULATED verified_contact_updates.csv
LK-C01033,name,SIMULATED verified_contact_updates.csv
LK-C03095,phone,SIMULATED verified_contact_updates.csv
LK-C03095,email,SIMULATED verified_contact_updates.csv
LK-C00497,email,SIMULATED verified_contact_updates.csv
LK-C03871,name,SIMULATED verified_contact_updates.csv
LK-C01740,district,SIMULATED verified_contact_updates.csv
LK-C00187,email,SIMULATED verified_contact_updates.csv
LK-C02010,district,SIMULATED verified_contact_updates.csv
LK-C03446,phone,SIMULATED verified_contact_updates.csv
LK-C03446,email,SIMULATED verified_contact_updates.csv
LK-C02120,phone,SIMULATED verified_contact_updates.csv
LK-C02120,email,SIMULATED verified_contact_updates.csv
LK-C01741,phone,SIMULATED verified_contact_updates.csv
LK-C00130,name,SIMULATED verified_contact_updates.csv
LK-C04003,phone,SIMULATED verified_contact_updates.csv
LK-C02495,name,SIMULATED verified_contact_updates.csv
LK-C02495,phone,SIMULATED verified_contact_updates.csv
LK-C02406,phone,SIMULATED verified_contact_updates.csv
LK-C02406,email,SIMULATED verified_contact_updates.csv
LK-C02406,district,SIMULATED verified_contact_updates.csv
LK-C00371,district,SIMULATED verified_contact_updates.csv
LK-C03445,district,SIMULATED verified_contact_updates.csv
LK-C00218,email,SIMULATED verified_contact_updates.csv
LK-C02524,phone,SIMULATED verified_contact_updates.csv
LK-C02952,phone,SIMULATED verified_contact_updates.csv
LK-C02952,email,SIMULATED verified_contact_updates.csv
LK-C02380,phone,SIMULATED verified_contact_updates.csv
LK-C02380,email,SIMULATED verified_contact_updates.csv
LK-C03684,phone,SIMULATED verified_contact_updates.csv
LK-C00534,phone,SIMULATED verified_contact_updates.csv
LK-C00534,email,SIMULATED verified_contact_updates.csv
LK-C00534,district,SIMULATED verified_contact_updates.csv
LK-C00903,district,SIMULATED verified_contact_updates.csv
LK-C03199,phone,SIMULATED verified_contact_updates.csv
LK-C03199,email,SIMULATED verified_contact_updates.csv
LK-C03199,district,SIMULATED verified_contact_updates.csv
LK-C02042,phone,SIMULATED verified_contact_updates.csv
LK-C02042,email,SIMULATED verified_contact_updates.csv
LK-C02770,phone,SIMULATED verified_contact_updates.csv
LK-C02770,email,SIMULATED verified_contact_updates.csv
LK-C01888,district,SIMULATED verified_contact_updates.csv
LK-C00698,district,SIMULATED verified_contact_updates.csv
LK-C00616,district,SIMULATED verified_contact_updates.csv
LK-C00262,phone,SIMULATED verified_contact_updates.csv
LK-C00235,phone,SIMULATED verified_contact_updates.csv
LK-C00235,email,SIMULATED verified_contact_updates.csv
LK-C03858,phone,SIMULATED verified_contact_updates.csv
LK-C00183,phone,SIMULATED verified_contact_updates.csv
LK-C00183,email,SIMULATED verified_contact_updates.csv
LK-C00094,email,SIMULATED verified_contact_updates.csv
LK-C00993,email,SIMULATED verified_contact_updates.csv
LK-C01551,email,SIMULATED verified_contact_updates.csv
LK-C00929,phone,SIMULATED verified_contact_updates.csv
LK-C02667,name,SIMULATED verified_contact_updates.csv
LK-C02667,email,SIMULATED verified_contact_updates.csv
LK-C01828,phone,SIMULATED verified_contact_updates.csv
LK-C03916,phone,SIMULATED verified_contact_updates.csv
LK-C03240,district,SIMULATED verified_contact_updates.csv
LK-C03511,phone,SIMULATED verified_contact_updates.csv
LK-C03511,email,SIMULATED verified_contact_updates.csv
LK-C00528,email,SIMULATED verified_contact_updates.csv
LK-C00517,name,SIMULATED verified_contact_updates.csv
LK-C00249,email,SIMULATED verified_contact_updates.csv
LK-C00599,phone,SIMULATED verified_contact_updates.csv
LK-C00599,email,SIMULATED verified_contact_updates.csv
LK-C03486,district,SIMULATED verified_contact_updates.csv
LK-C03109,district,SIMULATED verified_contact_updates.csv
LK-C03656,name,SIMULATED verified_contact_updates.csv
LK-C00703,phone,SIMULATED verified_contact_updates.csv
LK-C00703,email,SIMULATED verified_contact_updates.csv
LK-C01675,email,SIMULATED verified_contact_updates.csv
LK-C02601,phone,SIMULATED verified_contact_updates.csv
LK-C02601,email,SIMULATED verified_contact_updates.csv
LK-C02640,phone,SIMULATED verified_contact_updates.csv
LK-C02640,email,SIMULATED verified_contact_updates.csv
LK-C00173,name,SIMULATED verified_contact_updates.csv
LK-C02481,email,SIMULATED verified_contact_updates.csv
LK-C02900,phone,SIMULATED verified_contact_updates.csv
LK-C02900,email,SIMULATED verified_contact_updates.csv
LK-C00044,name,SIMULATED verified_contact_updates.csv
LK-C03183,name,SIMULATED verified_contact_updates.csv
LK-C03183,district,SIMULATED verified_contact_updates.csv
LK-C02323,name,SIMULATED verified_contact_updates.csv
LK-C03527,name,SIMULATED verified_contact_updates.csv
LK-C03527,district,SIMULATED verified_contact_updates.csv
LK-C00944,district,SIMULATED verified_contact_updates.csv
LK-C00575,district,SIMULATED verified_contact_updates.csv
LK-C00040,phone,SIMULATED verified_contact_updates.csv
LK-C00040,email,SIMULATED verified_contact_updates.csv
LK-C02848,phone,SIMULATED verified_contact_updates.csv
LK-C02848,email,SIMULATED verified_contact_updates.csv
LK-C00144,phone,SIMULATED verified_contact_updates.csv
LK-C00144,email,SIMULATED verified_contact_updates.csv
LK-C00302,name,SIMULATED verified_contact_updates.csv
LK-C00924,phone,SIMULATED verified_contact_updates.csv
LK-C00924,email,SIMULATED verified_contact_updates.csv
LK-C02710,name,SIMULATED verified_contact_updates.csv
LK-C02338,district,SIMULATED verified_contact_updates.csv
LK-C00794,phone,SIMULATED verified_contact_updates.csv
LK-C00794,email,SIMULATED verified_contact_updates.csv
LK-C02341,phone,SIMULATED verified_contact_updates.csv
LK-C02341,email,SIMULATED verified_contact_updates.csv
LK-C02388,email,SIMULATED verified_contact_updates.csv
LK-C02731,phone,SIMULATED verified_contact_updates.csv
LK-C02731,email,SIMULATED verified_contact_updates.csv
LK-C02437,phone,SIMULATED verified_contact_updates.csv
LK-C02553,phone,SIMULATED verified_contact_updates.csv
LK-C03810,phone,SIMULATED verified_contact_updates.csv
LK-C03810,email,SIMULATED verified_contact_updates.csv
LK-C02926,phone,SIMULATED verified_contact_updates.csv
LK-C02926,email,SIMULATED verified_contact_updates.csv
LK-C03349,email,SIMULATED verified_contact_updates.csv
LK-C03849,phone,SIMULATED verified_contact_updates.csv
LK-C03849,email,SIMULATED verified_contact_updates.csv
LK-C03849,district,SIMULATED verified_contact_updates.csv
LK-C00926,district,SIMULATED verified_contact_updates.csv
LK-C00493,district,SIMULATED verified_contact_updates.csv
LK-C01847,phone,SIMULATED verified_contact_updates.csv
LK-C01847,email,SIMULATED verified_contact_updates.csv
LK-C00838,email,SIMULATED verified_contact_updates.csv
LK-C03163,email,SIMULATED verified_contact_updates.csv
LK-C00846,phone,SIMULATED verified_contact_updates.csv
LK-C00846,email,SIMULATED verified_contact_updates.csv
LK-C02757,phone,SIMULATED verified_contact_updates.csv
LK-C02757,email,SIMULATED verified_contact_updates.csv
LK-C02484,phone,SIMULATED verified_contact_updates.csv
LK-C02484,email,SIMULATED verified_contact_updates.csv
LK-C03836,phone,SIMULATED verified_contact_updates.csv
LK-C03836,email,SIMULATED verified_contact_updates.csv
LK-C03550,phone,SIMULATED verified_contact_updates.csv
LK-C03550,email,SIMULATED verified_contact_updates.csv
LK-C02263,phone,SIMULATED verified_contact_updates.csv
LK-C02263,email,SIMULATED verified_contact_updates.csv
LK-C04031,phone,SIMULATED verified_contact_updates.csv
LK-C04031,email,SIMULATED verified_contact_updates.csv
LK-C01148,email,SIMULATED verified_contact_updates.csv
LK-C01148,district,SIMULATED verified_contact_updates.csv
LK-C00042,district,SIMULATED verified_contact_updates.csv
LK-C01054,phone,SIMULATED verified_contact_updates.csv
LK-C01054,email,SIMULATED verified_contact_updates.csv
LK-C02016,phone,SIMULATED verified_contact_updates.csv
LK-C02016,email,SIMULATED verified_contact_updates.csv
LK-C04018,phone,SIMULATED verified_contact_updates.csv
LK-C04018,email,SIMULATED verified_contact_updates.csv
LK-C00088,phone,SIMULATED verified_contact_updates.csv
LK-C03035,district,SIMULATED verified_contact_updates.csv
LK-C01463,name,SIMULATED verified_contact_updates.csv
LK-C00593,district,SIMULATED verified_contact_updates.csv
LK-C01314,phone,SIMULATED verified_contact_updates.csv
LK-C01314,email,SIMULATED verified_contact_updates.csv
LK-C03992,phone,SIMULATED verified_contact_updates.csv
LK-C03992,email,SIMULATED verified_contact_updates.csv
LK-C00370,district,SIMULATED verified_contact_updates.csv
LK-C02636,email,SIMULATED verified_contact_updates.csv
LK-C01756,phone,SIMULATED verified_contact_updates.csv
LK-C01756,email,SIMULATED verified_contact_updates.csv
LK-C02140,email,SIMULATED verified_contact_updates.csv
LK-C00465,phone,SIMULATED verified_contact_updates.csv
LK-C03738,district,SIMULATED verified_contact_updates.csv
LK-C00196,phone,SIMULATED verified_contact_updates.csv
LK-C00196,email,SIMULATED verified_contact_updates.csv
LK-C02739,district,SIMULATED verified_contact_updates.csv
LK-C02432,phone,SIMULATED verified_contact_updates.csv
LK-C02432,email,SIMULATED verified_contact_updates.csv
LK-C02727,phone,SIMULATED verified_contact_updates.csv
LK-C01365,email,SIMULATED verified_contact_updates.csv
LK-C01743,phone,SIMULATED verified_contact_updates.csv
LK-C01743,email,SIMULATED verified_contact_updates.csv
LK-C03775,district,SIMULATED verified_contact_updates.csv
LK-C01015,phone,SIMULATED verified_contact_updates.csv
LK-C01015,email,SIMULATED verified_contact_updates.csv
LK-C01354,district,SIMULATED verified_contact_updates.csv
LK-C03405,district,SIMULATED verified_contact_updates.csv
LK-C01665,phone,SIMULATED verified_contact_updates.csv
LK-C01665,email,SIMULATED verified_contact_updates.csv
LK-C03615,phone,SIMULATED verified_contact_updates.csv
LK-C03615,email,SIMULATED verified_contact_updates.csv
LK-C01964,phone,SIMULATED verified_contact_updates.csv
LK-C01964,email,SIMULATED verified_contact_updates.csv
LK-C03082,phone,SIMULATED verified_contact_updates.csv
LK-C03082,email,SIMULATED verified_contact_updates.csv
LK-C00474,name,SIMULATED verified_contact_updates.csv
LK-C01296,district,SIMULATED verified_contact_updates.csv
LK-C03133,phone,SIMULATED verified_contact_updates.csv
LK-C01682,district,SIMULATED verified_contact_updates.csv
LK-C00456,phone,SIMULATED verified_contact_updates.csv
LK-C00456,email,SIMULATED verified_contact_updates.csv
LK-C03570,name,SIMULATED verified_contact_updates.csv
LK-C00131,phone,SIMULATED verified_contact_updates.csv
LK-C00131,email,SIMULATED verified_contact_updates.csv
LK-C03510,phone,SIMULATED verified_contact_updates.csv
LK-C00209,phone,SIMULATED verified_contact_updates.csv
LK-C00209,email,SIMULATED verified_contact_updates.csv
LK-C01977,phone,SIMULATED verified_contact_updates.csv
LK-C01977,email,SIMULATED verified_contact_updates.csv
LK-C01548,phone,SIMULATED verified_contact_updates.csv
LK-C01548,email,SIMULATED verified_contact_updates.csv
LK-C00646,name,SIMULATED verified_contact_updates.csv
LK-C01999,district,SIMULATED verified_contact_updates.csv
LK-C02357,email,SIMULATED verified_contact_updates.csv
LK-C01393,phone,SIMULATED verified_contact_updates.csv
LK-C00852,district,SIMULATED verified_contact_updates.csv
LK-C00247,district,SIMULATED verified_contact_updates.csv
LK-C02092,district,SIMULATED verified_contact_updates.csv
LK-C00652,email,SIMULATED verified_contact_updates.csv
LK-C01377,name,SIMULATED verified_contact_updates.csv
LK-C02078,email,SIMULATED verified_contact_updates.csv
LK-C03134,phone,SIMULATED verified_contact_updates.csv
LK-C03134,email,SIMULATED verified_contact_updates.csv
LK-C03318,email,SIMULATED verified_contact_updates.csv
LK-C01808,phone,SIMULATED verified_contact_updates.csv
LK-C01808,email,SIMULATED verified_contact_updates.csv
LK-C00871,phone,SIMULATED verified_contact_updates.csv
LK-C01821,phone,SIMULATED verified_contact_updates.csv
LK-C01821,email,SIMULATED verified_contact_updates.csv
LK-C01873,phone,SIMULATED verified_contact_updates.csv
LK-C01873,email,SIMULATED verified_contact_updates.csv
LK-C03331,district,SIMULATED verified_contact_updates.csv
LK-C03117,district,SIMULATED verified_contact_updates.csv
LK-C00950,phone,SIMULATED verified_contact_updates.csv
LK-C00950,email,SIMULATED verified_contact_updates.csv
LK-C02574,email,SIMULATED verified_contact_updates.csv
LK-C01703,district,SIMULATED verified_contact_updates.csv
LK-C01481,district,SIMULATED verified_contact_updates.csv
LK-C03784,phone,SIMULATED verified_contact_updates.csv
LK-C03784,email,SIMULATED verified_contact_updates.csv
LK-C00431,name,SIMULATED verified_contact_updates.csv
LK-C02031,phone,SIMULATED verified_contact_updates.csv
LK-C02756,phone,SIMULATED verified_contact_updates.csv
LK-C03923,district,SIMULATED verified_contact_updates.csv
LK-C01769,phone,SIMULATED verified_contact_updates.csv
LK-C01769,email,SIMULATED verified_contact_updates.csv
LK-C00105,phone,SIMULATED verified_contact_updates.csv
LK-C00105,email,SIMULATED verified_contact_updates.csv
LK-C02379,phone,SIMULATED verified_contact_updates.csv
LK-C02379,district,SIMULATED verified_contact_updates.csv
LK-C02280,name,SIMULATED verified_contact_updates.csv
LK-C03597,phone,SIMULATED verified_contact_updates.csv
LK-C03597,email,SIMULATED verified_contact_updates.csv
LK-C00985,district,SIMULATED verified_contact_updates.csv
LK-C02133,phone,SIMULATED verified_contact_updates.csv
LK-C02133,email,SIMULATED verified_contact_updates.csv
LK-C02133,district,SIMULATED verified_contact_updates.csv
LK-C02081,phone,SIMULATED verified_contact_updates.csv
LK-C02081,email,SIMULATED verified_contact_updates.csv
LK-C01291,name,SIMULATED verified_contact_updates.csv
LK-C02702,district,SIMULATED verified_contact_updates.csv
LK-C02753,name,SIMULATED verified_contact_updates.csv
LK-C01080,phone,SIMULATED verified_contact_updates.csv
LK-C01080,email,SIMULATED verified_contact_updates.csv
LK-C00573,phone,SIMULATED verified_contact_updates.csv
LK-C00573,email,SIMULATED verified_contact_updates.csv
LK-C03901,phone,SIMULATED verified_contact_updates.csv
LK-C03901,email,SIMULATED verified_contact_updates.csv
LK-C00032,email,SIMULATED verified_contact_updates.csv
LK-C01259,district,SIMULATED verified_contact_updates.csv
LK-C03484,name,SIMULATED verified_contact_updates.csv
LK-C01470,phone,SIMULATED verified_contact_updates.csv
LK-C01470,email,SIMULATED verified_contact_updates.csv
LK-C00329,district,SIMULATED verified_contact_updates.csv
LK-C03829,phone,SIMULATED verified_contact_updates.csv
LK-C00495,phone,SIMULATED verified_contact_updates.csv
LK-C00495,email,SIMULATED verified_contact_updates.csv
LK-C03997,district,SIMULATED verified_contact_updates.csv
LK-C04032,phone,SIMULATED verified_contact_updates.csv
LK-C01219,phone,SIMULATED verified_contact_updates.csv
LK-C01026,district,SIMULATED verified_contact_updates.csv
LK-C02237,name,SIMULATED verified_contact_updates.csv
LK-C02237,phone,SIMULATED verified_contact_updates.csv
LK-C02237,email,SIMULATED verified_contact_updates.csv
LK-C02707,district,SIMULATED verified_contact_updates.csv
LK-C03076,district,SIMULATED verified_contact_updates.csv
LK-C02051,district,SIMULATED verified_contact_updates.csv
LK-C01076,name,SIMULATED verified_contact_updates.csv
LK-C01145,phone,SIMULATED verified_contact_updates.csv
LK-C01145,email,SIMULATED verified_contact_updates.csv
LK-C01737,email,SIMULATED verified_contact_updates.csv
LK-C00807,phone,SIMULATED verified_contact_updates.csv
LK-C00807,email,SIMULATED verified_contact_updates.csv
LK-C01496,phone,SIMULATED verified_contact_updates.csv
LK-C01496,email,SIMULATED verified_contact_updates.csv
LK-C03797,phone,SIMULATED verified_contact_updates.csv
LK-C03797,email,SIMULATED verified_contact_updates.csv
LK-C00248,phone,SIMULATED verified_contact_updates.csv
LK-C00248,email,SIMULATED verified_contact_updates.csv
LK-C02510,phone,SIMULATED verified_contact_updates.csv
LK-C02510,email,SIMULATED verified_contact_updates.csv
LK-C00862,district,SIMULATED verified_contact_updates.csv
LK-C03641,phone,SIMULATED verified_contact_updates.csv
LK-C03641,email,SIMULATED verified_contact_updates.csv
LK-C00716,phone,SIMULATED verified_contact_updates.csv
LK-C00716,email,SIMULATED verified_contact_updates.csv
LK-C01241,email,SIMULATED verified_contact_updates.csv
LK-C02925,name,SIMULATED verified_contact_updates.csv
LK-C02961,district,SIMULATED verified_contact_updates.csv
LK-C02202,email,SIMULATED verified_contact_updates.csv
LK-C03773,district,SIMULATED verified_contact_updates.csv
LK-C00778,district,SIMULATED verified_contact_updates.csv
LK-C00552,phone,SIMULATED verified_contact_updates.csv
LK-C00911,phone,SIMULATED verified_contact_updates.csv
LK-C00911,email,SIMULATED verified_contact_updates.csv
LK-C00092,phone,SIMULATED verified_contact_updates.csv
LK-C00092,email,SIMULATED verified_contact_updates.csv
LK-C03693,phone,SIMULATED verified_contact_updates.csv
LK-C03693,email,SIMULATED verified_contact_updates.csv
LK-C02461,district,SIMULATED verified_contact_updates.csv
LK-C03226,name,SIMULATED verified_contact_updates.csv
LK-C03251,phone,SIMULATED verified_contact_updates.csv
LK-C03251,email,SIMULATED verified_contact_updates.csv
LK-C01596,phone,SIMULATED verified_contact_updates.csv
LK-C00059,phone,SIMULATED verified_contact_updates.csv
LK-C03269,name,SIMULATED verified_contact_updates.csv
LK-C01518,district,SIMULATED verified_contact_updates.csv
LK-C00300,phone,SIMULATED verified_contact_updates.csv
LK-C00300,email,SIMULATED verified_contact_updates.csv
LK-C03186,phone,SIMULATED verified_contact_updates.csv
LK-C03186,email,SIMULATED verified_contact_updates.csv
LK-C01396,email,SIMULATED verified_contact_updates.csv
LK-C00063,email,SIMULATED verified_contact_updates.csv
LK-C03287,email,SIMULATED verified_contact_updates.csv
LK-C02250,phone,SIMULATED verified_contact_updates.csv
LK-C02250,email,SIMULATED verified_contact_updates.csv
LK-C01561,phone,SIMULATED verified_contact_updates.csv
LK-C01561,email,SIMULATED verified_contact_updates.csv
LK-C04057,phone,SIMULATED verified_contact_updates.csv
LK-C04057,email,SIMULATED verified_contact_updates.csv
LK-C00775,name,SIMULATED verified_contact_updates.csv
LK-C01706,email,SIMULATED verified_contact_updates.csv
LK-C00729,phone,SIMULATED verified_contact_updates.csv
LK-C00729,email,SIMULATED verified_contact_updates.csv
LK-C01944,phone,SIMULATED verified_contact_updates.csv
LK-C03256,email,SIMULATED verified_contact_updates.csv
LK-C00714,email,SIMULATED verified_contact_updates.csv
LK-C01625,phone,SIMULATED verified_contact_updates.csv
LK-C03886,district,SIMULATED verified_contact_updates.csv
LK-C01161,phone,SIMULATED verified_contact_updates.csv
LK-C02835,phone,SIMULATED verified_contact_updates.csv
LK-C02835,email,SIMULATED verified_contact_updates.csv
LK-C03017,phone,SIMULATED verified_contact_updates.csv
LK-C03017,email,SIMULATED verified_contact_updates.csv
LK-C00260,district,SIMULATED verified_contact_updates.csv
LK-C02198,phone,SIMULATED verified_contact_updates.csv
LK-C02198,email,SIMULATED verified_contact_updates.csv
LK-C02146,phone,SIMULATED verified_contact_updates.csv
LK-C02146,email,SIMULATED verified_contact_updates.csv
LK-C01704,phone,SIMULATED verified_contact_updates.csv
LK-C01704,email,SIMULATED verified_contact_updates.csv
LK-C03132,email,SIMULATED verified_contact_updates.csv
LK-C00560,name,SIMULATED verified_contact_updates.csv
LK-C00560,phone,SIMULATED verified_contact_updates.csv
LK-C00560,email,SIMULATED verified_contact_updates.csv
LK-C03960,district,SIMULATED verified_contact_updates.csv
LK-C01892,email,SIMULATED verified_contact_updates.csv
LK-C01272,email,SIMULATED verified_contact_updates.csv
LK-C01272,district,SIMULATED verified_contact_updates.csv
LK-C02871,district,SIMULATED verified_contact_updates.csv
LK-C00494,phone,SIMULATED verified_contact_updates.csv
LK-C03355,name,SIMULATED verified_contact_updates.csv
LK-C03355,phone,SIMULATED verified_contact_updates.csv
LK-C03355,email,SIMULATED verified_contact_updates.csv
LK-C03664,district,SIMULATED verified_contact_updates.csv
LK-C00326,phone,SIMULATED verified_contact_updates.csv
LK-C00326,email,SIMULATED verified_contact_updates.csv
LK-C02047,email,SIMULATED verified_contact_updates.csv
LK-C03158,district,SIMULATED verified_contact_updates.csv
LK-C00784,phone,SIMULATED verified_contact_updates.csv
LK-C02350,phone,SIMULATED verified_contact_updates.csv
LK-C00657,district,SIMULATED verified_contact_updates.csv
LK-C01923,email,SIMULATED verified_contact_updates.csv
LK-C03404,district,SIMULATED verified_contact_updates.csv
LK-C03680,phone,SIMULATED verified_contact_updates.csv
LK-C03680,email,SIMULATED verified_contact_updates.csv
LK-C02562,phone,SIMULATED verified_contact_updates.csv
LK-C02562,email,SIMULATED verified_contact_updates.csv
LK-C03097,name,SIMULATED verified_contact_updates.csv
LK-C00165,district,SIMULATED verified_contact_updates.csv
LK-C00001,name,SIMULATED verified_contact_updates.csv
LK-C00001,phone,SIMULATED verified_contact_updates.csv
LK-C00001,email,SIMULATED verified_contact_updates.csv
LK-C00001,district,SIMULATED verified_contact_updates.csv
LK-C01303,email,SIMULATED verified_contact_updates.csv
LK-C02882,name,SIMULATED verified_contact_updates.csv
LK-C02554,district,SIMULATED verified_contact_updates.csv
LK-C02988,phone,SIMULATED verified_contact_updates.csv
LK-C03394,phone,SIMULATED verified_contact_updates.csv
LK-C03394,email,SIMULATED verified_contact_updates.csv
LK-C01846,district,SIMULATED verified_contact_updates.csv
LK-C03146,district,SIMULATED verified_contact_updates.csv
LK-C01928,district,SIMULATED verified_contact_updates.csv
LK-C01086,email,SIMULATED verified_contact_updates.csv
LK-C02666,phone,SIMULATED verified_contact_updates.csv
LK-C02666,email,SIMULATED verified_contact_updates.csv
LK-C02666,district,SIMULATED verified_contact_updates.csv
LK-C03420,phone,SIMULATED verified_contact_updates.csv
LK-C03420,email,SIMULATED verified_contact_updates.csv
LK-C03380,email,SIMULATED verified_contact_updates.csv
LK-C00508,phone,SIMULATED verified_contact_updates.csv
LK-C00508,email,SIMULATED verified_contact_updates.csv
LK-C01985,email,SIMULATED verified_contact_updates.csv
LK-C01149,district,SIMULATED verified_contact_updates.csv
LK-C01210,phone,SIMULATED verified_contact_updates.csv
LK-C01210,email,SIMULATED verified_contact_updates.csv
LK-C03875,phone,SIMULATED verified_contact_updates.csv
LK-C03875,email,SIMULATED verified_contact_updates.csv
LK-C01353,phone,SIMULATED verified_contact_updates.csv
LK-C01353,email,SIMULATED verified_contact_updates.csv
LK-C01158,phone,SIMULATED verified_contact_updates.csv
LK-C01158,email,SIMULATED verified_contact_updates.csv
LK-C00222,phone,SIMULATED verified_contact_updates.csv
LK-C00222,email,SIMULATED verified_contact_updates.csv
LK-C00639,phone,SIMULATED verified_contact_updates.csv
LK-C03442,email,SIMULATED verified_contact_updates.csv
LK-C03442,district,SIMULATED verified_contact_updates.csv
LK-C02915,email,SIMULATED verified_contact_updates.csv
LK-C00547,phone,SIMULATED verified_contact_updates.csv
LK-C00547,email,SIMULATED verified_contact_updates.csv
LK-C02215,district,SIMULATED verified_contact_updates.csv
LK-C00815,district,SIMULATED verified_contact_updates.csv
LK-C02861,phone,SIMULATED verified_contact_updates.csv
LK-C02861,email,SIMULATED verified_contact_updates.csv
LK-C02060,phone,SIMULATED verified_contact_updates.csv
LK-C01951,phone,SIMULATED verified_contact_updates.csv
LK-C01951,email,SIMULATED verified_contact_updates.csv
LK-C03069,phone,SIMULATED verified_contact_updates.csv
LK-C03069,email,SIMULATED verified_contact_updates.csv
LK-C02420,district,SIMULATED verified_contact_updates.csv
LK-C03626,phone,SIMULATED verified_contact_updates.csv
LK-C03814,email,SIMULATED verified_contact_updates.csv
LK-C03814,district,SIMULATED verified_contact_updates.csv
LK-C01480,phone,SIMULATED verified_contact_updates.csv
LK-C00125,email,SIMULATED verified_contact_updates.csv
LK-C01041,phone,SIMULATED verified_contact_updates.csv
LK-C01041,email,SIMULATED verified_contact_updates.csv
LK-C01730,phone,SIMULATED verified_contact_updates.csv
LK-C01730,email,SIMULATED verified_contact_updates.csv
LK-C00755,phone,SIMULATED verified_contact_updates.csv
LK-C00755,email,SIMULATED verified_contact_updates.csv
LK-C00889,district,SIMULATED verified_contact_updates.csv
LK-C02582,phone,SIMULATED verified_contact_updates.csv
LK-C02109,email,SIMULATED verified_contact_updates.csv
LK-C00118,phone,SIMULATED verified_contact_updates.csv
LK-C00118,email,SIMULATED verified_contact_updates.csv
LK-C01535,phone,SIMULATED verified_contact_updates.csv
LK-C01535,email,SIMULATED verified_contact_updates.csv
LK-C02264,email,SIMULATED verified_contact_updates.csv
LK-C00689,name,SIMULATED verified_contact_updates.csv
LK-C00630,district,SIMULATED verified_contact_updates.csv
LK-C02452,name,SIMULATED verified_contact_updates.csv
LK-C02991,phone,SIMULATED verified_contact_updates.csv
LK-C02991,email,SIMULATED verified_contact_updates.csv
LK-C02029,phone,SIMULATED verified_contact_updates.csv
LK-C02029,email,SIMULATED verified_contact_updates.csv
LK-C04060,district,SIMULATED verified_contact_updates.csv
LK-C02443,district,SIMULATED verified_contact_updates.csv
LK-C02588,phone,SIMULATED verified_contact_updates.csv
LK-C02588,email,SIMULATED verified_contact_updates.csv
LK-C01770,phone,SIMULATED verified_contact_updates.csv
LK-C01850,name,SIMULATED verified_contact_updates.csv
LK-C01111,district,SIMULATED verified_contact_updates.csv
LK-C01893,name,SIMULATED verified_contact_updates.csv
LK-C00590,email,SIMULATED verified_contact_updates.csv
LK-C00869,email,SIMULATED verified_contact_updates.csv
LK-C00677,phone,SIMULATED verified_contact_updates.csv
LK-C00677,email,SIMULATED verified_contact_updates.csv
LK-C01427,email,SIMULATED verified_contact_updates.csv
LK-C01275,phone,SIMULATED verified_contact_updates.csv
LK-C01275,email,SIMULATED verified_contact_updates.csv
LK-C03322,district,SIMULATED verified_contact_updates.csv
LK-C03398,name,SIMULATED verified_contact_updates.csv
LK-C02839,name,SIMULATED verified_contact_updates.csv
LK-C00821,district,SIMULATED verified_contact_updates.csv
LK-C02953,district,SIMULATED verified_contact_updates.csv
LK-C00430,phone,SIMULATED verified_contact_updates.csv
LK-C00430,email,SIMULATED verified_contact_updates.csv
LK-C01366,phone,SIMULATED verified_contact_updates.csv
LK-C01366,email,SIMULATED verified_contact_updates.csv
LK-C01231,district,SIMULATED verified_contact_updates.csv
LK-C01028,phone,SIMULATED verified_contact_updates.csv
LK-C01028,email,SIMULATED verified_contact_updates.csv
LK-C03046,phone,SIMULATED verified_contact_updates.csv
LK-C00667,district,SIMULATED verified_contact_updates.csv
LK-C00668,phone,SIMULATED verified_contact_updates.csv
LK-C02295,email,SIMULATED verified_contact_updates.csv
LK-C02295,district,SIMULATED verified_contact_updates.csv
LK-C01851,district,SIMULATED verified_contact_updates.csv
LK-C03862,phone,SIMULATED verified_contact_updates.csv
LK-C03862,email,SIMULATED verified_contact_updates.csv
LK-C03290,phone,SIMULATED verified_contact_updates.csv
LK-C03290,email,SIMULATED verified_contact_updates.csv
LK-C03485,phone,SIMULATED verified_contact_updates.csv
LK-C03485,email,SIMULATED verified_contact_updates.csv
LK-C01936,name,SIMULATED verified_contact_updates.csv
LK-C00417,phone,SIMULATED verified_contact_updates.csv
LK-C00417,email,SIMULATED verified_contact_updates.csv
LK-C01962,district,SIMULATED verified_contact_updates.csv
LK-C03342,phone,SIMULATED verified_contact_updates.csv
LK-C03342,email,SIMULATED verified_contact_updates.csv
LK-C02302,phone,SIMULATED verified_contact_updates.csv
LK-C02302,email,SIMULATED verified_contact_updates.csv
LK-C01016,phone,SIMULATED verified_contact_updates.csv
LK-C00170,phone,SIMULATED verified_contact_updates.csv
LK-C00170,email,SIMULATED verified_contact_updates.csv
LK-C03238,phone,SIMULATED verified_contact_updates.csv
LK-C03238,email,SIMULATED verified_contact_updates.csv
LK-C02575,phone,SIMULATED verified_contact_updates.csv
LK-C02575,email,SIMULATED verified_contact_updates.csv
LK-C00345,name,SIMULATED verified_contact_updates.csv
LK-C03264,phone,SIMULATED verified_contact_updates.csv
LK-C03264,email,SIMULATED verified_contact_updates.csv
LK-C00638,phone,SIMULATED verified_contact_updates.csv
LK-C00638,email,SIMULATED verified_contact_updates.csv
LK-C00349,phone,SIMULATED verified_contact_updates.csv
LK-C01184,phone,SIMULATED verified_contact_updates.csv
LK-C01184,email,SIMULATED verified_contact_updates.csv
LK-C00291,phone,SIMULATED verified_contact_updates.csv
LK-C03411,email,SIMULATED verified_contact_updates.csv
LK-C01549,name,SIMULATED verified_contact_updates.csv
LK-C00288,district,SIMULATED verified_contact_updates.csv
LK-C03800,phone,SIMULATED verified_contact_updates.csv
LK-C00117,phone,SIMULATED verified_contact_updates.csv
LK-C00739,district,SIMULATED verified_contact_updates.csv
LK-C01334,name,SIMULATED verified_contact_updates.csv
LK-C01334,email,SIMULATED verified_contact_updates.csv
LK-C03535,email,SIMULATED verified_contact_updates.csv
LK-C01830,email,SIMULATED verified_contact_updates.csv
LK-C01162,name,SIMULATED verified_contact_updates.csv
LK-C02450,email,SIMULATED verified_contact_updates.csv
LK-C01002,phone,SIMULATED verified_contact_updates.csv
LK-C01002,email,SIMULATED verified_contact_updates.csv
LK-C03121,phone,SIMULATED verified_contact_updates.csv
LK-C03121,email,SIMULATED verified_contact_updates.csv
LK-C03281,district,SIMULATED verified_contact_updates.csv
LK-C01277,phone,SIMULATED verified_contact_updates.csv
LK-C00781,phone,SIMULATED verified_contact_updates.csv
LK-C00781,email,SIMULATED verified_contact_updates.csv
LK-C03473,email,SIMULATED verified_contact_updates.csv
LK-C02354,phone,SIMULATED verified_contact_updates.csv
LK-C02354,email,SIMULATED verified_contact_updates.csv
LK-C01093,phone,SIMULATED verified_contact_updates.csv
LK-C01093,email,SIMULATED verified_contact_updates.csv
LK-C03054,name,SIMULATED verified_contact_updates.csv
LK-C00404,phone,SIMULATED verified_contact_updates.csv
LK-C00404,email,SIMULATED verified_contact_updates.csv
LK-C00274,phone,SIMULATED verified_contact_updates.csv
LK-C00274,email,SIMULATED verified_contact_updates.csv
LK-C01600,phone,SIMULATED verified_contact_updates.csv
LK-C01600,email,SIMULATED verified_contact_updates.csv
LK-C01600,district,SIMULATED verified_contact_updates.csv
LK-C02326,email,SIMULATED verified_contact_updates.csv
LK-C03011,name,SIMULATED verified_contact_updates.csv
LK-C03277,phone,SIMULATED verified_contact_updates.csv
LK-C03277,email,SIMULATED verified_contact_updates.csv
LK-C04043,name,SIMULATED verified_contact_updates.csv
LK-C02276,phone,SIMULATED verified_contact_updates.csv
LK-C02276,email,SIMULATED verified_contact_updates.csv
LK-C04005,phone,SIMULATED verified_contact_updates.csv
LK-C04005,email,SIMULATED verified_contact_updates.csv
LK-C03363,district,SIMULATED verified_contact_updates.csv
LK-C00339,phone,SIMULATED verified_contact_updates.csv
LK-C00339,email,SIMULATED verified_contact_updates.csv
LK-C02224,phone,SIMULATED verified_contact_updates.csv
LK-C02224,email,SIMULATED verified_contact_updates.csv
LK-C03043,phone,SIMULATED verified_contact_updates.csv
LK-C03043,email,SIMULATED verified_contact_updates.csv
LK-C00900,phone,SIMULATED verified_contact_updates.csv
LK-C00900,email,SIMULATED verified_contact_updates.csv
LK-C01860,phone,SIMULATED verified_contact_updates.csv
LK-C01860,email,SIMULATED verified_contact_updates.csv
LK-C00987,phone,SIMULATED verified_contact_updates.csv
LK-C02924,district,SIMULATED verified_contact_updates.csv
LK-C02480,district,SIMULATED verified_contact_updates.csv
LK-C01132,phone,SIMULATED verified_contact_updates.csv
LK-C01132,email,SIMULATED verified_contact_updates.csv
LK-C01520,email,SIMULATED verified_contact_updates.csv
LK-C03220,phone,SIMULATED verified_contact_updates.csv
LK-C03220,district,SIMULATED verified_contact_updates.csv
LK-C00947,name,SIMULATED verified_contact_updates.csv
LK-C00586,phone,SIMULATED verified_contact_updates.csv
LK-C00586,email,SIMULATED verified_contact_updates.csv
LK-C03459,phone,SIMULATED verified_contact_updates.csv
LK-C03459,email,SIMULATED verified_contact_updates.csv
LK-C02151,name,SIMULATED verified_contact_updates.csv
LK-C00112,district,SIMULATED verified_contact_updates.csv
LK-C00963,phone,SIMULATED verified_contact_updates.csv
LK-C00963,email,SIMULATED verified_contact_updates.csv
LK-C00963,district,SIMULATED verified_contact_updates.csv
LK-C03771,phone,SIMULATED verified_contact_updates.csv
LK-C03771,email,SIMULATED verified_contact_updates.csv
LK-C03978,district,SIMULATED verified_contact_updates.csv
LK-C02760,email,SIMULATED verified_contact_updates.csv
LK-C01814,district,SIMULATED verified_contact_updates.csv
LK-C01370,district,SIMULATED verified_contact_updates.csv
LK-C02408,phone,SIMULATED verified_contact_updates.csv
LK-C00157,phone,SIMULATED verified_contact_updates.csv
LK-C00157,email,SIMULATED verified_contact_updates.csv
LK-C01392,phone,SIMULATED verified_contact_updates.csv
LK-C01392,email,SIMULATED verified_contact_updates.csv
LK-C02665,district,SIMULATED verified_contact_updates.csv
LK-C02517,district,SIMULATED verified_contact_updates.csv
LK-C03896,district,SIMULATED verified_contact_updates.csv
LK-C02994,district,SIMULATED verified_contact_updates.csv
LK-C02089,phone,SIMULATED verified_contact_updates.csv
LK-C01626,phone,SIMULATED verified_contact_updates.csv
LK-C01626,email,SIMULATED verified_contact_updates.csv
LK-C00149,district,SIMULATED verified_contact_updates.csv
LK-C00612,phone,SIMULATED verified_contact_updates.csv
LK-C00612,email,SIMULATED verified_contact_updates.csv
LK-C03336,phone,SIMULATED verified_contact_updates.csv
LK-C01629,district,SIMULATED verified_contact_updates.csv
LK-C00813,phone,SIMULATED verified_contact_updates.csv
LK-C01313,district,SIMULATED verified_contact_updates.csv
LK-C03888,phone,SIMULATED verified_contact_updates.csv
LK-C03888,email,SIMULATED verified_contact_updates.csv
LK-C02332,district,SIMULATED verified_contact_updates.csv
LK-C03568,phone,SIMULATED verified_contact_updates.csv
LK-C03568,district,SIMULATED verified_contact_updates.csv
LK-C02843,phone,SIMULATED verified_contact_updates.csv
LK-C01306,phone,SIMULATED verified_contact_updates.csv
LK-C00885,phone,SIMULATED verified_contact_updates.csv
LK-C00885,email,SIMULATED verified_contact_updates.csv
LK-C00776,email,SIMULATED verified_contact_updates.csv
LK-C01483,phone,SIMULATED verified_contact_updates.csv
LK-C01483,email,SIMULATED verified_contact_updates.csv
LK-C02783,phone,SIMULATED verified_contact_updates.csv
LK-C02783,email,SIMULATED verified_contact_updates.csv
LK-C00820,phone,SIMULATED verified_contact_updates.csv
LK-C00820,email,SIMULATED verified_contact_updates.csv
LK-C02624,name,SIMULATED verified_contact_updates.csv
LK-C02184,district,SIMULATED verified_contact_updates.csv
LK-C01613,phone,SIMULATED verified_contact_updates.csv
LK-C01613,email,SIMULATED verified_contact_updates.csv
LK-C03602,phone,SIMULATED verified_contact_updates.csv
LK-C03602,email,SIMULATED verified_contact_updates.csv
LK-C03108,phone,SIMULATED verified_contact_updates.csv
LK-C03108,email,SIMULATED verified_contact_updates.csv
LK-C02538,name,SIMULATED verified_contact_updates.csv
LK-C00175,phone,SIMULATED verified_contact_updates.csv
LK-C00962,email,SIMULATED verified_contact_updates.csv
LK-C03524,phone,SIMULATED verified_contact_updates.csv
LK-C03524,email,SIMULATED verified_contact_updates.csv
LK-C01721,name,SIMULATED verified_contact_updates.csv
LK-C03433,phone,SIMULATED verified_contact_updates.csv
LK-C03433,email,SIMULATED verified_contact_updates.csv
LK-C03732,phone,SIMULATED verified_contact_updates.csv
LK-C03732,email,SIMULATED verified_contact_updates.csv
LK-C03732,district,SIMULATED verified_contact_updates.csv
LK-C02211,phone,SIMULATED verified_contact_updates.csv
LK-C02211,email,SIMULATED verified_contact_updates.csv
LK-C02221,district,SIMULATED verified_contact_updates.csv
LK-C00732,name,SIMULATED verified_contact_updates.csv
LK-C00482,phone,SIMULATED verified_contact_updates.csv
LK-C00482,email,SIMULATED verified_contact_updates.csv
LK-C00482,district,SIMULATED verified_contact_updates.csv
LK-C00014,phone,SIMULATED verified_contact_updates.csv
LK-C00014,email,SIMULATED verified_contact_updates.csv
LK-C03627,district,SIMULATED verified_contact_updates.csv
LK-C02110,district,SIMULATED verified_contact_updates.csv
LK-C02022,name,SIMULATED verified_contact_updates.csv
LK-C03481,phone,SIMULATED verified_contact_updates.csv
LK-C03516,district,SIMULATED verified_contact_updates.csv
LK-C02789,district,SIMULATED verified_contact_updates.csv
LK-C01509,phone,SIMULATED verified_contact_updates.csv
LK-C01509,email,SIMULATED verified_contact_updates.csv
LK-C02591,district,SIMULATED verified_contact_updates.csv
LK-C02002,phone,SIMULATED verified_contact_updates.csv
LK-C03876,email,SIMULATED verified_contact_updates.csv
LK-C00780,district,SIMULATED verified_contact_updates.csv
LK-C02628,district,SIMULATED verified_contact_updates.csv
LK-C02614,phone,SIMULATED verified_contact_updates.csv
LK-C02614,email,SIMULATED verified_contact_updates.csv
LK-C00287,phone,SIMULATED verified_contact_updates.csv
LK-C00287,email,SIMULATED verified_contact_updates.csv
LK-C00233,phone,SIMULATED verified_contact_updates.csv
LK-C01666,district,SIMULATED verified_contact_updates.csv
LK-C02965,phone,SIMULATED verified_contact_updates.csv
LK-C02965,email,SIMULATED verified_contact_updates.csv
LK-C00990,name,SIMULATED verified_contact_updates.csv
LK-C02584,district,SIMULATED verified_contact_updates.csv
LK-C03553,district,SIMULATED verified_contact_updates.csv
LK-C02159,phone,SIMULATED verified_contact_updates.csv
LK-C02159,email,SIMULATED verified_contact_updates.csv
LK-C01635,name,SIMULATED verified_contact_updates.csv
LK-C02536,phone,SIMULATED verified_contact_updates.csv
LK-C02536,email,SIMULATED verified_contact_updates.csv
LK-C03563,phone,SIMULATED verified_contact_updates.csv
LK-C03563,email,SIMULATED verified_contact_updates.csv
LK-C01555,district,SIMULATED verified_contact_updates.csv
LK-C01768,email,SIMULATED verified_contact_updates.csv
LK-C03690,email,SIMULATED verified_contact_updates.csv
LK-C03966,phone,SIMULATED verified_contact_updates.csv
LK-C03966,email,SIMULATED verified_contact_updates.csv
LK-C02194,name,SIMULATED verified_contact_updates.csv
LK-C00904,name,SIMULATED verified_contact_updates.csv
LK-C02065,name,SIMULATED verified_contact_updates.csv
LK-C03249,phone,SIMULATED verified_contact_updates.csv
LK-C03974,phone,SIMULATED verified_contact_updates.csv
LK-C00610,phone,SIMULATED verified_contact_updates.csv
LK-C03039,email,SIMULATED verified_contact_updates.csv
LK-C01458,email,SIMULATED verified_contact_updates.csv
LK-C02813,district,SIMULATED verified_contact_updates.csv
LK-C00872,phone,SIMULATED verified_contact_updates.csv
LK-C00872,email,SIMULATED verified_contact_updates.csv
LK-C02471,phone,SIMULATED verified_contact_updates.csv
LK-C02471,email,SIMULATED verified_contact_updates.csv
LK-C00651,phone,SIMULATED verified_contact_updates.csv
LK-C00651,email,SIMULATED verified_contact_updates.csv
LK-C00581,phone,SIMULATED verified_contact_updates.csv
LK-C01407,district,SIMULATED verified_contact_updates.csv
LK-C01678,name,SIMULATED verified_contact_updates.csv
LK-C01678,phone,SIMULATED verified_contact_updates.csv
LK-C01678,email,SIMULATED verified_contact_updates.csv
LK-C00066,phone,SIMULATED verified_contact_updates.csv
LK-C00066,email,SIMULATED verified_contact_updates.csv
LK-C01179,email,SIMULATED verified_contact_updates.csv
LK-C01857,phone,SIMULATED verified_contact_updates.csv
LK-C01799,phone,SIMULATED verified_contact_updates.csv
LK-C01799,email,SIMULATED verified_contact_updates.csv
LK-C01522,phone,SIMULATED verified_contact_updates.csv
LK-C01522,email,SIMULATED verified_contact_updates.csv
LK-C02185,phone,SIMULATED verified_contact_updates.csv
LK-C02185,email,SIMULATED verified_contact_updates.csv
LK-C01723,district,SIMULATED verified_contact_updates.csv
LK-C02366,name,SIMULATED verified_contact_updates.csv
LK-C01886,phone,SIMULATED verified_contact_updates.csv
LK-C01886,email,SIMULATED verified_contact_updates.csv
LK-C03008,email,SIMULATED verified_contact_updates.csv
LK-C00204,phone,SIMULATED verified_contact_updates.csv
LK-C03758,phone,SIMULATED verified_contact_updates.csv
LK-C03758,email,SIMULATED verified_contact_updates.csv
LK-C03537,phone,SIMULATED verified_contact_updates.csv
LK-C03537,email,SIMULATED verified_contact_updates.csv
LK-C03104,phone,SIMULATED verified_contact_updates.csv
LK-C01000,district,SIMULATED verified_contact_updates.csv
LK-C03812,district,SIMULATED verified_contact_updates.csv
LK-C00989,phone,SIMULATED verified_contact_updates.csv
LK-C00989,email,SIMULATED verified_contact_updates.csv
LK-C01644,email,SIMULATED verified_contact_updates.csv
LK-C04000,name,SIMULATED verified_contact_updates.csv
LK-C04000,email,SIMULATED verified_contact_updates.csv
LK-C01477,district,SIMULATED verified_contact_updates.csv
LK-C03590,district,SIMULATED verified_contact_updates.csv
LK-C00297,district,SIMULATED verified_contact_updates.csv
LK-C02297,district,SIMULATED verified_contact_updates.csv
LK-C03329,phone,SIMULATED verified_contact_updates.csv
LK-C03329,email,SIMULATED verified_contact_updates.csv
LK-C03914,name,SIMULATED verified_contact_updates.csv
LK-C03914,phone,SIMULATED verified_contact_updates.csv
LK-C03914,email,SIMULATED verified_contact_updates.csv
LK-C02748,district,SIMULATED verified_contact_updates.csv
LK-C02611,phone,SIMULATED verified_contact_updates.csv
LK-C01915,phone,SIMULATED verified_contact_updates.csv
LK-C01171,phone,SIMULATED verified_contact_updates.csv
LK-C01171,email,SIMULATED verified_contact_updates.csv
LK-C00556,district,SIMULATED verified_contact_updates.csv
LK-C03312,name,SIMULATED verified_contact_updates.csv
LK-C00958,phone,SIMULATED verified_contact_updates.csv
LK-C03539,phone,SIMULATED verified_contact_updates.csv
LK-C04044,phone,SIMULATED verified_contact_updates.csv
LK-C04044,email,SIMULATED verified_contact_updates.csv
LK-C02409,name,SIMULATED verified_contact_updates.csv
LK-C00311,email,SIMULATED verified_contact_updates.csv
LK-C03938,email,SIMULATED verified_contact_updates.csv
LK-C03907,email,SIMULATED verified_contact_updates.csv
LK-C02791,email,SIMULATED verified_contact_updates.csv
LK-C00861,name,SIMULATED verified_contact_updates.csv
LK-C00146,phone,SIMULATED verified_contact_updates.csv
LK-C00833,phone,SIMULATED verified_contact_updates.csv
LK-C00833,email,SIMULATED verified_contact_updates.csv
LK-C02605,email,SIMULATED verified_contact_updates.csv
LK-C00156,email,SIMULATED verified_contact_updates.csv
LK-C03257,district,SIMULATED verified_contact_updates.csv
LK-C03504,email,SIMULATED verified_contact_updates.csv
LK-C02627,phone,SIMULATED verified_contact_updates.csv
LK-C02627,email,SIMULATED verified_contact_updates.csv
LK-C03887,phone,SIMULATED verified_contact_updates.csv
LK-C02785,phone,SIMULATED verified_contact_updates.csv
LK-C01587,phone,SIMULATED verified_contact_updates.csv
LK-C01587,email,SIMULATED verified_contact_updates.csv
LK-C04034,district,SIMULATED verified_contact_updates.csv
LK-C01106,phone,SIMULATED verified_contact_updates.csv
LK-C01106,email,SIMULATED verified_contact_updates.csv
LK-C03368,phone,SIMULATED verified_contact_updates.csv
LK-C03368,email,SIMULATED verified_contact_updates.csv
LK-C03368,district,SIMULATED verified_contact_updates.csv
LK-C02108,name,SIMULATED verified_contact_updates.csv
LK-C00261,phone,SIMULATED verified_contact_updates.csv
LK-C00261,email,SIMULATED verified_contact_updates.csv
LK-C00342,email,SIMULATED verified_contact_updates.csv
LK-C00408,district,SIMULATED verified_contact_updates.csv
LK-C02939,phone,SIMULATED verified_contact_updates.csv
LK-C02939,email,SIMULATED verified_contact_updates.csv
LK-C03452,phone,SIMULATED verified_contact_updates.csv
LK-C00083,district,SIMULATED verified_contact_updates.csv
LK-C02094,phone,SIMULATED verified_contact_updates.csv
LK-C02094,email,SIMULATED verified_contact_updates.csv
LK-C01592,name,SIMULATED verified_contact_updates.csv
LK-C01592,district,SIMULATED verified_contact_updates.csv
LK-C03225,phone,SIMULATED verified_contact_updates.csv
LK-C03225,email,SIMULATED verified_contact_updates.csv
LK-C01691,phone,SIMULATED verified_contact_updates.csv
LK-C01691,email,SIMULATED verified_contact_updates.csv
LK-C02393,phone,SIMULATED verified_contact_updates.csv
LK-C02393,email,SIMULATED verified_contact_updates.csv
LK-C03927,phone,SIMULATED verified_contact_updates.csv
LK-C03927,email,SIMULATED verified_contact_updates.csv
LK-C00818,name,SIMULATED verified_contact_updates.csv
LK-C02729,email,SIMULATED verified_contact_updates.csv
LK-C02292,phone,SIMULATED verified_contact_updates.csv
LK-C03969,email,SIMULATED verified_contact_updates.csv
LK-C00378,phone,SIMULATED verified_contact_updates.csv
LK-C00378,email,SIMULATED verified_contact_updates.csv
LK-C00027,phone,SIMULATED verified_contact_updates.csv
LK-C00027,email,SIMULATED verified_contact_updates.csv
LK-C02930,phone,SIMULATED verified_contact_updates.csv
LK-C00313,phone,SIMULATED verified_contact_updates.csv
LK-C00313,email,SIMULATED verified_contact_updates.csv
LK-C03650,district,SIMULATED verified_contact_updates.csv
LK-C03004,phone,SIMULATED verified_contact_updates.csv
LK-C03004,email,SIMULATED verified_contact_updates.csv
LK-C01979,name,SIMULATED verified_contact_updates.csv
LK-C01364,phone,SIMULATED verified_contact_updates.csv
LK-C02850,district,SIMULATED verified_contact_updates.csv
LK-C02814,phone,SIMULATED verified_contact_updates.csv
LK-C00352,phone,SIMULATED verified_contact_updates.csv
LK-C00352,email,SIMULATED verified_contact_updates.csv
LK-C02367,phone,SIMULATED verified_contact_updates.csv
LK-C02367,email,SIMULATED verified_contact_updates.csv
LK-C00124,district,SIMULATED verified_contact_updates.csv
LK-C02315,phone,SIMULATED verified_contact_updates.csv
LK-C02315,email,SIMULATED verified_contact_updates.csv
LK-C03365,phone,SIMULATED verified_contact_updates.csv
LK-C01574,phone,SIMULATED verified_contact_updates.csv
LK-C01574,email,SIMULATED verified_contact_updates.csv
LK-C01652,phone,SIMULATED verified_contact_updates.csv
LK-C01652,email,SIMULATED verified_contact_updates.csv
LK-C03278,phone,SIMULATED verified_contact_updates.csv
LK-C01954,email,SIMULATED verified_contact_updates.csv
LK-C03691,district,SIMULATED verified_contact_updates.csv
LK-C00216,name,SIMULATED verified_contact_updates.csv
LK-C02653,phone,SIMULATED verified_contact_updates.csv
LK-C02653,email,SIMULATED verified_contact_updates.csv
LK-C01205,name,SIMULATED verified_contact_updates.csv
LK-C01912,phone,SIMULATED verified_contact_updates.csv
LK-C01912,email,SIMULATED verified_contact_updates.csv
LK-C01197,phone,SIMULATED verified_contact_updates.csv
LK-C01197,email,SIMULATED verified_contact_updates.csv
LK-C02744,phone,SIMULATED verified_contact_updates.csv
LK-C02744,email,SIMULATED verified_contact_updates.csv
LK-C03957,name,SIMULATED verified_contact_updates.csv
LK-C02853,email,SIMULATED verified_contact_updates.csv
LK-C01327,phone,SIMULATED verified_contact_updates.csv
LK-C01327,email,SIMULATED verified_contact_updates.csv
LK-C03613,name,SIMULATED verified_contact_updates.csv
LK-C01223,phone,SIMULATED verified_contact_updates.csv
LK-C01223,email,SIMULATED verified_contact_updates.csv
LK-C02233,email,SIMULATED verified_contact_updates.csv
LK-C02901,phone,SIMULATED verified_contact_updates.csv
LK-C01119,name,SIMULATED verified_contact_updates.csv
LK-C01119,phone,SIMULATED verified_contact_updates.csv
LK-C01119,email,SIMULATED verified_contact_updates.csv
LK-C03713,phone,SIMULATED verified_contact_updates.csv
LK-C01074,phone,SIMULATED verified_contact_updates.csv
LK-C01074,district,SIMULATED verified_contact_updates.csv
LK-C01990,phone,SIMULATED verified_contact_updates.csv
LK-C01990,email,SIMULATED verified_contact_updates.csv
LK-C03030,phone,SIMULATED verified_contact_updates.csv
LK-C03030,email,SIMULATED verified_contact_updates.csv
LK-C01861,email,SIMULATED verified_contact_updates.csv
LK-C01567,phone,SIMULATED verified_contact_updates.csv
LK-C03701,district,SIMULATED verified_contact_updates.csv
LK-C00079,phone,SIMULATED verified_contact_updates.csv
LK-C00079,email,SIMULATED verified_contact_updates.csv
LK-C03937,district,SIMULATED verified_contact_updates.csv
LK-C02523,phone,SIMULATED verified_contact_updates.csv
LK-C02523,email,SIMULATED verified_contact_updates.csv
LK-C01582,email,SIMULATED verified_contact_updates.csv
LK-C01717,phone,SIMULATED verified_contact_updates.csv
LK-C01717,email,SIMULATED verified_contact_updates.csv
LK-C03945,phone,SIMULATED verified_contact_updates.csv
LK-C03303,phone,SIMULATED verified_contact_updates.csv
LK-C03303,email,SIMULATED verified_contact_updates.csv
LK-C02998,district,SIMULATED verified_contact_updates.csv
LK-C03654,phone,SIMULATED verified_contact_updates.csv
LK-C03654,email,SIMULATED verified_contact_updates.csv
LK-C00937,phone,SIMULATED verified_contact_updates.csv
LK-C00937,email,SIMULATED verified_contact_updates.csv
LK-C03160,phone,SIMULATED verified_contact_updates.csv
LK-C03160,email,SIMULATED verified_contact_updates.csv
LK-C02669,phone,SIMULATED verified_contact_updates.csv
LK-C02698,phone,SIMULATED verified_contact_updates.csv
LK-C02698,email,SIMULATED verified_contact_updates.csv
LK-C00704,district,SIMULATED verified_contact_updates.csv
LK-C01190,phone,SIMULATED verified_contact_updates.csv
LK-C01190,district,SIMULATED verified_contact_updates.csv
