row_a,row_b,score,action
38,142,100,review; no identity merge without verification
177,202,100,review; no identity merge without verification
146,287,100,review; no identity merge without verification
31,311,100,review; no identity merge without verification
274,337,100,review; no identity merge without verification
321,420,100,review; no identity merge without verification
273,535,100,review; no identity merge without verification
124,612,100,review; no identity merge without verification
443,635,100,review; no identity merge without verification
81,682,100,review; no identity merge without verification
297,704,100,review; no identity merge without verification
560,714,100,review; no identity merge without verification
700,736,100,review; no identity merge without verification
490,767,100,review; no identity merge without verification
237,772,100,review; no identity merge without verification
234,841,100,review; no identity merge without verification
743,847,100,review; no identity merge without verification
235,857,100,review; no identity merge without verification
779,858,100,review; no identity merge without verification
555,860,100,review; no identity merge without verification
436,861,100,review; no identity merge without verification
245,868,100,review; no identity merge without verification
308,876,100,review; no identity merge without verification
333,888,100,review; no identity merge without verification
261,894,100,review; no identity merge without verification
417,930,100,review; no identity merge without verification
30,931,100,review; no identity merge without verification
802,933,100,review; no identity merge without verification
563,934,100,review; no identity merge without verification
319,938,100,review; no identity merge without verification
470,941,100,review; no identity merge without verification
534,966,100,review; no identity merge without verification
766,994,100,review; no identity merge without verification
149,1028,100,review; no identity merge without verification
68,1031,100,review; no identity merge without verification
263,1046,100,review; no identity merge without verification
825,1058,100,review; no identity merge without verification
982,1080,100,review; no identity merge without verification
620,1085,100,review; no identity merge without verification
1040,1086,100,review; no identity merge without verification
640,1098,100,review; no identity merge without verification
951,1114,100,review; no identity merge without verification
154,1142,100,review; no identity merge without verification
1052,1159,100,review; no identity merge without verification
20,1200,100,review; no identity merge without verification
63,1206,100,review; no identity merge without verification
599,1207,100,review; no identity merge without verification
144,1236,100,review; no identity merge without verification
29,1338,100,review; no identity merge without verification
1174,1342,100,review; no identity merge without verification
1313,1347,100,review; no identity merge without verification
6,1350,100,review; no identity merge without verification
50,1357,100,review; no identity merge without verification
523,1360,100,review; no identity merge without verification
396,1374,100,review; no identity merge without verification
812,1391,100,review; no identity merge without verification
78,1404,100,review; no identity merge without verification
625,1414,100,review; no identity merge without verification
429,1422,100,review; no identity merge without verification
1377,1446,100,review; no identity merge without verification
1099,1472,100,review; no identity merge without verification
209,1482,100,review; no identity merge without verification
200,1483,100,review; no identity merge without verification
1156,1523,100,review; no identity merge without verification
132,1564,100,review; no identity merge without verification
761,1575,100,review; no identity merge without verification
1075,1576,100,review; no identity merge without verification
75,1586,100,review; no identity merge without verification
770,1602,100,review; no identity merge without verification
269,1609,100,review; no identity merge without verification
1420,1618,100,review; no identity merge without verification
597,1635,100,review; no identity merge without verification
1170,1649,100,review; no identity merge without verification
1641,1657,100,review; no identity merge without verification
418,1661,100,review; no identity merge without verification
525,1687,100,review; no identity merge without verification
360,1688,100,review; no identity merge without verification
929,1692,100,review; no identity merge without verification
185,1706,100,review; no identity merge without verification
1645,1719,100,review; no identity merge without verification
401,1723,100,review; no identity merge without verification
1294,1742,100,review; no identity merge without verification
1681,1765,100,review; no identity merge without verification
1610,1777,100,review; no identity merge without verification
485,1781,100,review; no identity merge without verification
726,1783,100,review; no identity merge without verification
613,1785,100,review; no identity merge without verification
318,1788,100,review; no identity merge without verification
1574,1802,100,review; no identity merge without verification
1749,1829,100,review; no identity merge without verification
1606,1836,100,review; no identity merge without verification
739,1838,100,review; no identity merge without verification
16,1842,100,review; no identity merge without verification
492,1843,100,review; no identity merge without verification
718,1854,100,review; no identity merge without verification
1476,1856,100,review; no identity merge without verification
284,1866,100,review; no identity merge without verification
43,1869,100,review; no identity merge without verification
1381,1871,100,review; no identity merge without verification
1529,1875,100,review; no identity merge without verification
1744,1925,100,review; no identity merge without verification
1195,1941,100,review; no identity merge without verification
552,1943,100,review; no identity merge without verification
1372,1947,100,review; no identity merge without verification
1228,1954,100,review; no identity merge without verification
1724,1965,100,review; no identity merge without verification
838,1985,100,review; no identity merge without verification
1010,2002,100,review; no identity merge without verification
1956,2006,100,review; no identity merge without verification
1471,2016,100,review; no identity merge without verification
171,2020,100,review; no identity merge without verification
1204,2022,100,review; no identity merge without verification
1370,2032,100,review; no identity merge without verification
49,2035,100,review; no identity merge without verification
428,2040,100,review; no identity merge without verification
1288,2041,100,review; no identity merge without verification
174,2053,100,review; no identity merge without verification
1868,2055,100,review; no identity merge without verification
1552,2059,100,review; no identity merge without verification
1583,2063,100,review; no identity merge without verification
1465,2070,100,review; no identity merge without verification
304,2072,100,review; no identity merge without verification
52,2082,100,review; no identity merge without verification
753,2087,100,review; no identity merge without verification
302,2100,100,review; no identity merge without verification
1286,2134,100,review; no identity merge without verification
486,2147,100,review; no identity merge without verification
1320,2153,100,review; no identity merge without verification
384,2158,100,review; no identity merge without verification
2057,2160,100,review; no identity merge without verification
1192,2163,100,review; no identity merge without verification
205,2169,100,review; no identity merge without verification
257,2174,100,review; no identity merge without verification
268,2179,100,review; no identity merge without verification
1592,2181,100,review; no identity merge without verification
395,2188,100,review; no identity merge without verification
1979,2191,100,review; no identity merge without verification
787,2194,100,review; no identity merge without verification
1906,2204,100,review; no identity merge without verification
1530,2205,100,review; no identity merge without verification
1027,2211,100,review; no identity merge without verification
476,2217,100,review; no identity merge without verification
634,2221,100,review; no identity merge without verification
2034,2234,100,review; no identity merge without verification
575,2238,100,review; no identity merge without verification
117,2243,100,review; no identity merge without verification
1522,2248,100,review; no identity merge without verification
970,2254,100,review; no identity merge without verification
307,2255,100,review; no identity merge without verification
1722,2259,100,review; no identity merge without verification
755,2269,100,review; no identity merge without verification
1904,2272,100,review; no identity merge without verification
1682,2285,100,review; no identity merge without verification
541,2289,100,review; no identity merge without verification
2173,2290,100,review; no identity merge without verification
47,2298,100,review; no identity merge without verification
2282,2300,100,review; no identity merge without verification
477,2308,100,review; no identity merge without verification
2138,2314,100,review; no identity merge without verification
2185,2319,100,review; no identity merge without verification
1467,2327,100,review; no identity merge without verification
2048,2328,100,review; no identity merge without verification
735,2334,100,review; no identity merge without verification
1619,2339,100,review; no identity merge without verification
1355,2341,100,review; no identity merge without verification
359,2342,100,review; no identity merge without verification
1211,2350,100,review; no identity merge without verification
2251,2356,100,review; no identity merge without verification
103,2357,100,review; no identity merge without verification
1819,2364,100,review; no identity merge without verification
2316,2371,100,review; no identity merge without verification
1611,2380,100,review; no identity merge without verification
466,2388,100,review; no identity merge without verification
153,2410,100,review; no identity merge without verification
2406,2415,100,review; no identity merge without verification
1890,2416,100,review; no identity merge without verification
2240,2424,100,review; no identity merge without verification
1014,2425,100,review; no identity merge without verification
1289,2434,100,review; no identity merge without verification
641,2442,100,review; no identity merge without verification
665,2446,100,review; no identity merge without verification
3,2456,100,review; no identity merge without verification
543,2472,100,review; no identity merge without verification
2127,2479,100,review; no identity merge without verification
658,2480,100,review; no identity merge without verification
988,2483,100,review; no identity merge without verification
1812,2484,100,review; no identity merge without verification
67,2490,100,review; no identity merge without verification
1003,2496,100,review; no identity merge without verification
1950,2504,100,review; no identity merge without verification
2398,2506,100,review; no identity merge without verification
2258,2510,100,review; no identity merge without verification
328,2513,100,review; no identity merge without verification
2091,2515,100,review; no identity merge without verification
1015,2519,100,review; no identity merge without verification
351,2520,100,review; no identity merge without verification
503,2523,100,review; no identity merge without verification
7,2529,100,review; no identity merge without verification
2299,2530,100,review; no identity merge without verification
2374,2541,100,review; no identity merge without verification
945,2546,100,review; no identity merge without verification
256,2557,100,review; no identity merge without verification
1263,2562,100,review; no identity merge without verification
1642,2591,100,review; no identity merge without verification
1047,2600,100,review; no identity merge without verification
2428,2611,100,review; no identity merge without verification
339,2621,100,review; no identity merge without verification
2017,2623,100,review; no identity merge without verification
773,2625,100,review; no identity merge without verification
2324,2630,100,review; no identity merge without verification
1568,2633,100,review; no identity merge without verification
2420,2636,100,review; no identity merge without verification
292,2638,100,review; no identity merge without verification
710,2651,100,review; no identity merge without verification
884,2674,100,review; no identity merge without verification
936,2678,100,review; no identity merge without verification
1000,2684,100,review; no identity merge without verification
1811,2689,100,review; no identity merge without verification
1283,2694,100,review; no identity merge without verification
1135,2707,100,review; no identity merge without verification
1340,2710,100,review; no identity merge without verification
1816,2714,100,review; no identity merge without verification
2085,2720,100,review; no identity merge without verification
2225,2724,100,review; no identity merge without verification
1885,2733,100,review; no identity merge without verification
2336,2745,100,review; no identity merge without verification
475,2747,100,review; no identity merge without verification
1921,2749,100,review; no identity merge without verification
213,2755,100,review; no identity merge without verification
950,2761,100,review; no identity merge without verification
2607,2773,100,review; no identity merge without verification
96,2779,100,review; no identity merge without verification
2457,2791,100,review; no identity merge without verification
1721,2794,100,review; no identity merge without verification
2748,2799,100,review; no identity merge without verification
701,2800,100,review; no identity merge without verification
2089,2809,100,review; no identity merge without verification
2517,2817,100,review; no identity merge without verification
1330,2845,100,review; no identity merge without verification
2206,2846,100,review; no identity merge without verification
2632,2849,100,review; no identity merge without verification
1348,2854,100,review; no identity merge without verification
1089,2855,100,review; no identity merge without verification
435,2876,100,review; no identity merge without verification
457,2887,100,review; no identity merge without verification
222,2890,100,review; no identity merge without verification
2754,2892,100,review; no identity merge without verification
456,2893,100,review; no identity merge without verification
1153,2895,100,review; no identity merge without verification
2894,2925,100,review; no identity merge without verification
1638,2937,100,review; no identity merge without verification
2661,2941,100,review; no identity merge without verification
125,2950,100,review; no identity merge without verification
204,2954,100,review; no identity merge without verification
1155,2956,100,review; no identity merge without verification
2399,2969,100,review; no identity merge without verification
1668,2970,100,review; no identity merge without verification
1949,2971,100,review; no identity merge without verification
844,2972,100,review; no identity merge without verification
160,2974,100,review; no identity merge without verification
1600,2976,100,review; no identity merge without verification
424,2980,100,review; no identity merge without verification
1388,2982,100,review; no identity merge without verification
1796,2983,100,review; no identity merge without verification
2870,2984,100,review; no identity merge without verification
2642,2986,100,review; no identity merge without verification
1828,2987,100,review; no identity merge without verification
2734,2989,100,review; no identity merge without verification
2715,2993,100,review; no identity merge without verification
2702,2996,100,review; no identity merge without verification
346,3000,100,review; no identity merge without verification
1964,3007,100,review; no identity merge without verification
1517,3008,100,review; no identity merge without verification
1833,3014,100,review; no identity merge without verification
26,3025,100,review; no identity merge without verification
345,3026,100,review; no identity merge without verification
1990,3028,100,review; no identity merge without verification
707,3030,100,review; no identity merge without verification
59,3031,100,review; no identity merge without verification
1417,3032,100,review; no identity merge without verification
2337,3033,100,review; no identity merge without verification
1534,3038,100,review; no identity merge without verification
2345,3046,100,review; no identity merge without verification
1973,3051,100,review; no identity merge without verification
2511,3057,100,review; no identity merge without verification
2161,3062,100,review; no identity merge without verification
409,3063,100,review; no identity merge without verification
2501,3067,100,review; no identity merge without verification
2361,3068,100,review; no identity merge without verification
2430,3070,100,review; no identity merge without verification
2485,3073,100,review; no identity merge without verification
121,3076,100,review; no identity merge without verification
2549,3077,100,review; no identity merge without verification
2460,3081,100,review; no identity merge without verification
2107,3083,100,review; no identity merge without verification
1900,3088,100,review; no identity merge without verification
648,3096,100,review; no identity merge without verification
203,3097,100,review; no identity merge without verification
3036,3101,100,review; no identity merge without verification
80,3107,100,review; no identity merge without verification
2307,3110,100,review; no identity merge without verification
2395,3116,100,review; no identity merge without verification
2279,3125,100,review; no identity merge without verification
1017,3139,100,review; no identity merge without verification
703,3140,100,review; no identity merge without verification
790,3144,100,review; no identity merge without verification
73,3158,100,review; no identity merge without verification
309,3159,100,review; no identity merge without verification
2312,3160,100,review; no identity merge without verification
2507,3167,100,review; no identity merge without verification
229,3173,100,review; no identity merge without verification
504,3176,100,review; no identity merge without verification
2700,3178,100,review; no identity merge without verification
2628,3184,100,review; no identity merge without verification
1463,3186,100,review; no identity merge without verification
147,3188,100,review; no identity merge without verification
1324,3204,100,review; no identity merge without verification
971,3205,100,review; no identity merge without verification
1242,3211,100,review; no identity merge without verification
816,3212,100,review; no identity merge without verification
586,3213,100,review; no identity merge without verification
2028,3216,100,review; no identity merge without verification
2384,3218,100,review; no identity merge without verification
2682,3219,100,review; no identity merge without verification
2699,3222,100,review; no identity merge without verification
335,3223,100,review; no identity merge without verification
2052,3234,100,review; no identity merge without verification
1968,3235,100,review; no identity merge without verification
2962,3237,100,review; no identity merge without verification
2237,3248,100,review; no identity merge without verification
2610,3250,100,review; no identity merge without verification
2902,3255,100,review; no identity merge without verification
2129,3264,100,review; no identity merge without verification
1598,3265,100,review; no identity merge without verification
1393,3268,100,review; no identity merge without verification
2066,3271,100,review; no identity merge without verification
1504,3274,100,review; no identity merge without verification
2961,3280,100,review; no identity merge without verification
2390,3301,100,review; no identity merge without verification
3217,3318,100,review; no identity merge without verification
2417,3321,100,review; no identity merge without verification
2372,3330,100,review; no identity merge without verification
1212,3332,100,review; no identity merge without verification
1012,3335,100,review; no identity merge without verification
2239,3343,100,review; no identity merge without verification
2960,3346,100,review; no identity merge without verification
1763,3347,100,review; no identity merge without verification
1308,3348,100,review; no identity merge without verification
1503,3350,100,review; no identity merge without verification
2789,3354,100,review; no identity merge without verification
1864,3358,100,review; no identity merge without verification
771,3359,100,review; no identity merge without verification
444,3366,100,review; no identity merge without verification
1931,3368,100,review; no identity merge without verification
2033,3371,100,review; no identity merge without verification
3215,3372,100,review; no identity merge without verification
3023,3374,100,review; no identity merge without verification
454,3382,100,review; no identity merge without verification
2753,3387,100,review; no identity merge without verification
2227,3388,100,review; no identity merge without verification
2975,3392,100,review; no identity merge without verification
3362,3398,100,review; no identity merge without verification
246,3404,100,review; no identity merge without verification
2643,3414,100,review; no identity merge without verification
882,3417,100,review; no identity merge without verification
2193,3420,100,review; no identity merge without verification
1565,3434,100,review; no identity merge without verification
2058,3443,100,review; no identity merge without verification
281,3448,100,review; no identity merge without verification
1876,3454,100,review; no identity merge without verification
1491,3461,100,review; no identity merge without verification
3386,3465,100,review; no identity merge without verification
2732,3466,100,review; no identity merge without verification
650,3471,100,review; no identity merge without verification
2050,3472,100,review; no identity merge without verification
2581,3476,100,review; no identity merge without verification
385,3477,100,review; no identity merge without verification
1148,3479,100,review; no identity merge without verification
623,3482,100,review; no identity merge without verification
46,3492,100,review; no identity merge without verification
2313,3493,100,review; no identity merge without verification
1516,3497,100,review; no identity merge without verification
948,3506,100,review; no identity merge without verification
2122,3512,100,review; no identity merge without verification
131,3515,100,review; no identity merge without verification
3021,3520,100,review; no identity merge without verification
2827,3521,100,review; no identity merge without verification
2832,3539,100,review; no identity merge without verification
2229,3541,100,review; no identity merge without verification
1251,3542,100,review; no identity merge without verification
916,3543,100,review; no identity merge without verification
157,3547,100,review; no identity merge without verification
2537,3557,100,review; no identity merge without verification
2836,3561,100,review; no identity merge without verification
122,3565,100,review; no identity merge without verification
484,3569,100,review; no identity merge without verification
2076,3570,100,review; no identity merge without verification
2880,3572,100,review; no identity merge without verification
2998,3574,100,review; no identity merge without verification
837,3575,100,review; no identity merge without verification
138,3579,100,review; no identity merge without verification
187,3580,100,review; no identity merge without verification
3518,3582,100,review; no identity merge without verification
2726,3585,100,review; no identity merge without verification
1151,3591,100,review; no identity merge without verification
1699,3599,100,review; no identity merge without verification
3468,3601,100,review; no identity merge without verification
3206,3604,100,review; no identity merge without verification
1410,3611,100,review; no identity merge without verification
1090,3616,100,review; no identity merge without verification
794,3617,100,review; no identity merge without verification
2278,3630,100,review; no identity merge without verification
210,3634,100,review; no identity merge without verification
588,3636,100,review; no identity merge without verification
2427,3637,100,review; no identity merge without verification
659,3639,100,review; no identity merge without verification
3503,3647,100,review; no identity merge without verification
842,3649,100,review; no identity merge without verification
433,3655,100,review; no identity merge without verification
1715,3657,100,review; no identity merge without verification
1697,3661,100,review; no identity merge without verification
167,3662,100,review; no identity merge without verification
1234,3663,100,review; no identity merge without verification
3624,3664,100,review; no identity merge without verification
2499,3668,100,review; no identity merge without verification
155,3673,100,review; no identity merge without verification
2079,3682,100,review; no identity merge without verification
3462,3684,100,review; no identity merge without verification
1281,3694,100,review; no identity merge without verification
3181,3696,100,review; no identity merge without verification
3555,3705,100,review; no identity merge without verification
1331,3713,100,review; no identity merge without verification
3559,3715,100,review; no identity merge without verification
3438,3717,100,review; no identity merge without verification
247,3722,100,review; no identity merge without verification
1977,3728,100,review; no identity merge without verification
1160,3729,100,review; no identity merge without verification
2106,3730,100,review; no identity merge without verification
571,3731,100,review; no identity merge without verification
250,3749,100,review; no identity merge without verification
394,3750,100,review; no identity merge without verification
1036,3758,100,review; no identity merge without verification
1655,3762,100,review; no identity merge without verification
462,3768,100,review; no identity merge without verification
65,3769,100,review; no identity merge without verification
2349,3780,100,review; no identity merge without verification
2213,3781,100,review; no identity merge without verification
1717,3786,100,review; no identity merge without verification
2992,3789,100,review; no identity merge without verification
225,3791,100,review; no identity merge without verification
2453,3795,100,review; no identity merge without verification
21,3808,100,review; no identity merge without verification
2363,3819,100,review; no identity merge without verification
2690,3824,100,review; no identity merge without verification
87,3825,100,review; no identity merge without verification
715,3827,100,review; no identity merge without verification
1520,3828,100,review; no identity merge without verification
3003,3829,100,review; no identity merge without verification
924,3832,100,review; no identity merge without verification
2405,3838,100,review; no identity merge without verification
558,3844,100,review; no identity merge without verification
2441,3845,100,review; no identity merge without verification
1847,3847,100,review; no identity merge without verification
2599,3856,100,review; no identity merge without verification
3525,3857,100,review; no identity merge without verification
2315,3860,100,review; no identity merge without verification
1905,3863,100,review; no identity merge without verification
1531,3866,100,review; no identity merge without verification
1873,3867,100,review; no identity merge without verification
3490,3871,100,review; no identity merge without verification
2781,3874,100,review; no identity merge without verification
2758,3875,100,review; no identity merge without verification
1165,3877,100,review; no identity merge without verification
3801,3881,100,review; no identity merge without verification
2236,3882,100,review; no identity merge without verification
3094,3884,100,review; no identity merge without verification
2952,3887,100,review; no identity merge without verification
740,3888,100,review; no identity merge without verification
979,3893,100,review; no identity merge without verification
2103,3896,100,review; no identity merge without verification
870,3898,100,review; no identity merge without verification
3029,3899,100,review; no identity merge without verification
2383,3908,100,review; no identity merge without verification
1221,3915,100,review; no identity merge without verification
1633,3916,100,review; no identity merge without verification
2067,3917,100,review; no identity merge without verification
3369,3924,100,review; no identity merge without verification
875,3925,100,review; no identity merge without verification
1739,3926,100,review; no identity merge without verification
536,3931,100,review; no identity merge without verification
644,3933,100,review; no identity merge without verification
2535,3936,100,review; no identity merge without verification
3859,3940,100,review; no identity merge without verification
2172,3941,100,review; no identity merge without verification
3183,3942,100,review; no identity merge without verification
3666,3944,100,review; no identity merge without verification
2538,3950,100,review; no identity merge without verification
1172,3954,100,review; no identity merge without verification
1076,3956,100,review; no identity merge without verification
1029,3957,100,review; no identity merge without verification
3904,3964,100,review; no identity merge without verification
3806,3972,100,review; no identity merge without verification
220,3977,100,review; no identity merge without verification
672,3980,100,review; no identity merge without verification
2831,3987,100,review; no identity merge without verification
2886,3993,100,review; no identity merge without verification
240,4001,100,review; no identity merge without verification
3865,4005,100,review; no identity merge without verification
3906,4006,100,review; no identity merge without verification
366,4007,100,review; no identity merge without verification
2692,4009,100,review; no identity merge without verification
2580,4011,100,review; no identity merge without verification
3738,4016,100,review; no identity merge without verification
3618,4019,100,review; no identity merge without verification
3660,4021,100,review; no identity merge without verification
452,4022,100,review; no identity merge without verification
3328,4025,100,review; no identity merge without verification
2759,4028,100,review; no identity merge without verification
3129,4031,100,review; no identity merge without verification
461,4032,100,review; no identity merge without verification
978,4042,100,review; no identity merge without verification
1240,4043,100,review; no identity merge without verification
120,4048,100,review; no identity merge without verification
1440,4051,100,review; no identity merge without verification
437,4053,100,review; no identity merge without verification
1191,4055,100,review; no identity merge without verification
1911,4058,100,review; no identity merge without verification
2695,4062,100,review; no identity merge without verification
1766,4071,100,review; no identity merge without verification
2029,4084,100,review; no identity merge without verification
3883,4085,100,review; no identity merge without verification
3804,4086,100,review; no identity merge without verification
1752,4091,100,review; no identity merge without verification
323,4094,100,review; no identity merge without verification
2806,4095,100,review; no identity merge without verification
1316,4096,100,review; no identity merge without verification
3135,4098,100,review; no identity merge without verification
852,4105,100,review; no identity merge without verification
1753,4108,100,review; no identity merge without verification
3792,4109,100,review; no identity merge without verification
4070,4111,100,review; no identity merge without verification
3340,4114,100,review; no identity merge without verification
3224,4115,100,review; no identity merge without verification
983,4119,100,review; no identity merge without verification
760,4132,100,review; no identity merge without verification
1321,4133,100,review; no identity merge without verification
3080,4134,100,review; no identity merge without verification
288,4136,100,review; no identity merge without verification
1261,4139,100,review; no identity merge without verification
1205,4141,100,review; no identity merge without verification
947,4149,100,review; no identity merge without verification
294,4159,100,review; no identity merge without verification
1901,4176,100,review; no identity merge without verification
2095,4178,100,review; no identity merge without verification
3433,4184,100,review; no identity merge without verification
1983,4187,100,review; no identity merge without verification
377,4192,100,review; no identity merge without verification
1048,4194,100,review; no identity merge without verification
4195,4202,100,review; no identity merge without verification
3745,4207,100,review; no identity merge without verification
727,4211,100,review; no identity merge without verification
471,4214,100,review; no identity merge without verification
1079,4217,100,review; no identity merge without verification
679,4222,100,review; no identity merge without verification
2220,4227,100,review; no identity merge without verification
2306,4234,100,review; no identity merge without verification
831,4244,100,review; no identity merge without verification
460,4248,100,review; no identity merge without verification
4090,4249,100,review; no identity merge without verification
2908,4250,100,review; no identity merge without verification
2077,4252,100,review; no identity merge without verification
2228,4255,100,review; no identity merge without verification
3333,4257,100,review; no identity merge without verification
1932,4267,100,review; no identity merge without verification
365,4268,100,review; no identity merge without verification
3994,4270,100,review; no identity merge without verification
4256,4275,100,review; no identity merge without verification
2001,4287,100,review; no identity merge without verification
639,4289,100,review; no identity merge without verification
2492,4291,100,review; no identity merge without verification
3470,4295,100,review; no identity merge without verification
673,4297,100,review; no identity merge without verification
2838,4300,100,review; no identity merge without verification
54,4311,100,review; no identity merge without verification
1132,4314,100,review; no identity merge without verification
843,4317,100,review; no identity merge without verification
3375,4324,100,review; no identity merge without verification
374,4328,100,review; no identity merge without verification
464,4330,100,review; no identity merge without verification
1111,4334,100,review; no identity merge without verification
508,4338,100,review; no identity merge without verification
1858,4342,100,review; no identity merge without verification
1888,4345,100,review; no identity merge without verification
603,4348,100,review; no identity merge without verification
815,4349,100,review; no identity merge without verification
3920,4353,100,review; no identity merge without verification
1247,4362,100,review; no identity merge without verification
964,4363,100,review; no identity merge without verification
3460,4365,100,review; no identity merge without verification
3424,4366,100,review; no identity merge without verification
3998,4368,100,review; no identity merge without verification
2675,4373,100,review; no identity merge without verification
3797,4375,100,review; no identity merge without verification
1426,4379,100,review; no identity merge without verification
1966,4382,100,review; no identity merge without verification
2727,4383,100,review; no identity merge without verification
1603,4387,100,review; no identity merge without verification
3066,4391,100,review; no identity merge without verification
228,4394,100,review; no identity merge without verification
737,4397,100,review; no identity merge without verification
3632,4398,100,review; no identity merge without verification
3364,4402,100,review; no identity merge without verification
1689,4403,100,review; no identity merge without verification
3700,4406,100,review; no identity merge without verification
1632,4414,100,review; no identity merge without verification
921,4418,100,review; no identity merge without verification
2146,4420,100,review; no identity merge without verification
3943,4421,100,review; no identity merge without verification
2101,4423,100,review; no identity merge without verification
278,4424,100,review; no identity merge without verification
2401,4425,100,review; no identity merge without verification
4170,4426,100,review; no identity merge without verification
3785,4428,100,review; no identity merge without verification
3510,4429,100,review; no identity merge without verification
2219,4430,100,review; no identity merge without verification
776,4434,100,review; no identity merge without verification
4183,4443,100,review; no identity merge without verification
2725,4451,100,review; no identity merge without verification
2060,4452,100,review; no identity merge without verification
3851,4453,100,review; no identity merge without verification
1256,4458,100,review; no identity merge without verification
2619,4460,100,review; no identity merge without verification
1149,4461,100,review; no identity merge without verification
1849,4464,100,review; no identity merge without verification
4047,4468,100,review; no identity merge without verification
2360,4469,100,review; no identity merge without verification
3502,4472,100,review; no identity merge without verification
2842,4475,100,review; no identity merge without verification
3123,4487,100,review; no identity merge without verification
3979,4489,100,review; no identity merge without verification
449,4493,100,review; no identity merge without verification
2354,4495,100,review; no identity merge without verification
1312,4497,100,review; no identity merge without verification
1430,4503,100,review; no identity merge without verification
4266,4505,100,review; no identity merge without verification
2105,4509,100,review; no identity merge without verification
568,4516,100,review; no identity merge without verification
3202,4518,100,review; no identity merge without verification
2934,4524,100,review; no identity merge without verification
705,4526,100,review; no identity merge without verification
4293,4530,100,review; no identity merge without verification
2729,4540,100,review; no identity merge without verification
1385,4542,100,review; no identity merge without verification
3284,4560,100,review; no identity merge without verification
2949,4562,100,review; no identity merge without verification
3853,4565,100,review; no identity merge without verification
2920,4566,100,review; no identity merge without verification
741,4567,100,review; no identity merge without verification
4527,4574,100,review; no identity merge without verification
310,4577,100,review; no identity merge without verification
2439,4580,100,review; no identity merge without verification
4432,4582,100,review; no identity merge without verification
509,4583,100,review; no identity merge without verification
3962,4586,100,review; no identity merge without verification
4308,4590,100,review; no identity merge without verification
887,4603,100,review; no identity merge without verification
3929,4619,100,review; no identity merge without verification
1650,4621,100,review; no identity merge without verification
1129,4622,100,review; no identity merge without verification
1112,4624,100,review; no identity merge without verification
1084,4627,100,review; no identity merge without verification
1239,4629,100,review; no identity merge without verification
1096,4632,100,review; no identity merge without verification
1872,4639,100,review; no identity merge without verification
3965,4640,100,review; no identity merge without verification
3187,4641,100,review; no identity merge without verification
1889,4642,100,review; no identity merge without verification
1171,4654,100,review; no identity merge without verification
1341,4655,100,review; no identity merge without verification
952,4663,100,review; no identity merge without verification
3214,4666,100,review; no identity merge without verification
2013,4676,100,review; no identity merge without verification
369,4681,100,review; no identity merge without verification
3923,4682,100,review; no identity merge without verification
34,4686,100,review; no identity merge without verification
4277,4687,100,review; no identity merge without verification
1759,4694,100,review; no identity merge without verification
2498,4698,100,review; no identity merge without verification
55,4700,100,review; no identity merge without verification
2373,4701,100,review; no identity merge without verification
1199,4705,100,review; no identity merge without verification
267,4707,100,review; no identity merge without verification
2260,4708,100,review; no identity merge without verification
863,4709,100,review; no identity merge without verification
4151,4710,100,review; no identity merge without verification
4446,4711,100,review; no identity merge without verification
4117,4712,100,review; no identity merge without verification
2774,4713,100,review; no identity merge without verification
2705,4714,100,review; no identity merge without verification
2722,4723,100,review; no identity merge without verification
974,4726,100,review; no identity merge without verification
2686,4730,100,review; no identity merge without verification
955,4732,100,review; no identity merge without verification
4193,4735,100,review; no identity merge without verification
2683,4736,100,review; no identity merge without verification
4224,4742,100,review; no identity merge without verification
404,4759,100,review; no identity merge without verification
2609,4769,100,review; no identity merge without verification
4386,4775,100,review; no identity merge without verification
1821,4776,100,review; no identity merge without verification
3667,4777,100,review; no identity merge without verification
1373,4781,100,review; no identity merge without verification
2853,4786,100,review; no identity merge without verification
3951,4788,100,review; no identity merge without verification
2994,4789,100,review; no identity merge without verification
3702,4793,100,review; no identity merge without verification
2604,4794,100,review; no identity merge without verification
3833,4798,100,review; no identity merge without verification
1292,4799,100,review; no identity merge without verification
2381,4801,100,review; no identity merge without verification
4276,4802,100,review; no identity merge without verification
2027,4805,100,review; no identity merge without verification
2370,4806,100,review; no identity merge without verification
3049,4809,100,review; no identity merge without verification
4564,4812,100,review; no identity merge without verification
2933,4815,100,review; no identity merge without verification
3474,4819,100,review; no identity merge without verification
2323,4820,100,review; no identity merge without verification
2141,4823,100,review; no identity merge without verification
2376,4825,100,review; no identity merge without verification
4636,4829,100,review; no identity merge without verification
11,4830,100,review; no identity merge without verification
1590,4831,100,review; no identity merge without verification
1793,4835,100,review; no identity merge without verification
722,4837,100,review; no identity merge without verification
1034,4839,100,review; no identity merge without verification
4321,4844,100,review; no identity merge without verification
1259,4848,100,review; no identity merge without verification
2829,4850,100,review; no identity merge without verification
432,4851,100,review; no identity merge without verification
3810,4852,100,review; no identity merge without verification
3911,4854,100,review; no identity merge without verification
2495,4856,100,review; no identity merge without verification
4174,4858,100,review; no identity merge without verification
427,4862,100,review; no identity merge without verification
1450,4864,100,review; no identity merge without verification
349,4865,100,review; no identity merge without verification
3626,4874,100,review; no identity merge without verification
1741,4875,100,review; no identity merge without verification
4744,4876,100,review; no identity merge without verification
1801,4880,100,review; no identity merge without verification
626,4881,100,review; no identity merge without verification
2263,4882,100,review; no identity merge without verification
4003,4885,100,review; no identity merge without verification
3019,4887,100,review; no identity merge without verification
4457,4889,100,review; no identity merge without verification
1654,4892,100,review; no identity merge without verification
2369,4894,100,review; no identity merge without verification
3244,4897,100,review; no identity merge without verification
1970,4903,100,review; no identity merge without verification
2397,4904,100,review; no identity merge without verification
17,4905,100,review; no identity merge without verification
3243,4907,100,review; no identity merge without verification
2826,4914,100,review; no identity merge without verification
3394,4920,100,review; no identity merge without verification
1894,4921,100,review; no identity merge without verification
3241,4924,100,review; no identity merge without verification
279,4925,100,review; no identity merge without verification
3984,4928,100,review; no identity merge without verification
4606,4931,100,review; no identity merge without verification
3974,4935,100,review; no identity merge without verification
1779,4936,100,review; no identity merge without verification
3978,4937,100,review; no identity merge without verification
3055,4943,100,review; no identity merge without verification
4315,4945,100,review; no identity merge without verification
1166,4962,100,review; no identity merge without verification
4068,4965,100,review; no identity merge without verification
4680,4967,100,review; no identity merge without verification
4733,4970,100,review; no identity merge without verification
22,4973,100,review; no identity merge without verification
3012,4978,100,review; no identity merge without verification
1800,4980,100,review; no identity merge without verification
1309,4981,100,review; no identity merge without verification
872,4984,100,review; no identity merge without verification
3659,4987,100,review; no identity merge without verification
4944,4992,100,review; no identity merge without verification
1726,4993,100,review; no identity merge without verification
313,4995,100,review; no identity merge without verification
4954,4997,100,review; no identity merge without verification
2742,4998,100,review; no identity merge without verification
2245,4999,100,review; no identity merge without verification
