month,currency,net_sales,active_customers,rows
2026-02,KES,30301.00,68,73
2026-02,RWF,335456.00,70,73
2026-02,UGX,102313550.00,2726,8654
2026-03,KES,32784.00,75,79
2026-03,RWF,360264.00,73,78
2026-03,UGX,110629350.00,2773,9243
2026-04,KES,36172.00,79,88
2026-04,RWF,370987.00,81,89
2026-04,UGX,124315700.00,3291,10423
2026-05,KES,34856.00,77,81
2026-05,RWF,384862.00,75,80
2026-05,UGX,114013150.00,2870,9539
2026-06,KES,40810.00,81,86
2026-06,RWF,443488.00,82,86
2026-06,UGX,121230400.00,3304,10128
2026-07,KES,45640.00,88,93
2026-07,RWF,450463.00,85,94
2026-07,UGX,132126950.00,3354,11013
